"","Med_Risk_25_SI_R","Med_Risk_50_ModI_R","Med_Ambig_24_ModI_R","Med_Ambig_74_ModI_R","Med_Risk_75_MajI_R","Med_Ambig_50_MajI_R","Med_Ambig_100_MajI_G","Med_Risk_75_R_R","Med_Ambig_50_SI_B","Med_Risk_50_ModI_B","Med_Ambig_50_MajI_B","Med_Ambig_100_MajI_G.1","Med_Risk_25_R_B","Med_Ambig_100_SI_G","Med_Risk_25_MajI_R","Med_Ambig_24_MajI_R","Med_Risk_25_R_R","Med_Risk_50_SI_B","Med_Risk_75_ModI_B","Med_Ambig_24_ModI_B","Med_Risk_50_MajI_B","Med_Risk_75_R_B","Med_Ambig_50_R_B","Med_Ambig_76_R_B","Med_Ambig_76_SI_R","Med_Risk_25_ModI_R","Med_Ambig_50_ModI_R","Med_Ambig_100_ModI_G","Med_Risk_50_MajI_R","Med_Risk_50_R_R","Med_Ambig_50_R_R","Med_Ambig_76_R_R","Med_Ambig_50_ModI_B","Med_Risk_25_MajI_B","Med_Risk_75_MajI_B","Med_Ambig_24_MI_B","Med_Ambig_74_MajI_B","Med_Ambig_100_R_G","Med_Risk_75_SI_R","Med_Risk_75_ModI_R","Med_Ambig_74_MajI_R","Med_Ambig_24_R_R","Med_Ambig_100_R_G.1","Med_Ambig_24_SI_B","Med_Risk_25_ModI_B","Med_Ambig_74_ModI_B","Med_Ambig_100_ModI_G.1","Med_Risk_50_R_B","Med_Ambig_24_R_R.1"
"8","0","0","0","0","1","0","0","1","0","0","0","0","0","0","0","0","0","0","0","0","0","1","0","0","0","0","0","0","0","0","0","0","0","0","1","0","0","0","0","0","0","0","0","0","0","0","0","0","0"
"1","0","1","1","0","1","0","0","1","0","1","0","0","0","0","0","1","0","0","1","1","1","1","0","0","0","0","0","0","1","1","1","0","0","0","1","1","0","0","0","1","0","1","0","0","0","0","0","1","0"
"3","0","0","1","0","1","1","0","1","0","0","0","0","0","0","0","1","0","0","1","1","1","1","1","0","0","0","1","0","1","1","1","0","0","0","1","1","0","0","0","1","0","1","0","0","0","0","0","1","1"
"2","0","1","0","0","0","0","0","1","0","1","0","0","0","0","0","1","0","0","1","0","1","1","0","0","0","1","0","0","1","1","0","0","0","1","1","0","0","0","1","1","0","0","0","0","0","0","0","0","1"
"5","0","0","0","0","1","0","0","1","0","0","0","0","0","0","0","0","0","0","1","0","0","1","0","0","0","0","0","0","0","0","0","0","0","0","1","0","0","0","0","1","0","0","0","0","0","0","0","0","0"
"4","1","1","1","1","0","1","0","0","1","1","1","1","0","1","0","0","0","0","1","1","1","1","0","1","0","1","0","0","1","1","1","1","1","0","1","0","0","1","0","1","1","1","0","0","0","1","1","0","1"
"6","0","1","0","0","1","0","1","0","0","0","1","0","1","1","1","1","0","1","1","0","0","1","0","0","0","1","1","0","0","0","1","0","1","1","1","1","1","1","0","1","0","1","0","1","1","0","0","0","0"
"7","0","1","0","0","1","0","0","1","0","1","0","0","0","0","0","0","0","0","1","0","1","1","0","0","0","0","0","0","0","0","0","0","0","0","0","0","0","0","0","1","0","0","0","0","0","0","0","1","0"
"9","0","0","1","1","1","1","0","1","0","0","1","0","0","0","0","1","0","0","1","0","0","1","1","1","1","0","1","0","0","0","1","1","1","0","1","1","1","0","0","1","1","1","0","0","0","1","0","0","1"
"10","0","0","1","0","1","0","0","1","0","0","0","0","0","0","0","1","0","0","1","0","1","1","1","0","0","0","0","0","1","1","0","0","0","0","1","1","0","0","0","0","0","1","1","0","0","0","0","1","0"
"13","0","0","0","0","1","0","0","1","0","0","0","0","0","0","0","0","0","0","0","0","0","1","0","0","0","0","0","0","0","0","0","0","0","0","1","0","0","0","0","0","0","0","0","0","0","0","0","0","0"
"17","0","0","1","1","1","1","1","1","0","1","1","1","1","0","1","1","0","0","1","1","1","1","1","1","0","0","0","1","1","1","1","1","1","0","1","1","0","1","0","1","1","1","1","0","1","0","0","1","1"
"27","0","1","1","1","1","1","1","1","0","1","1","1","1","0","1","1","1","0","1","1","1","1","1","1","0","1","1","1","1","1","1","1","1","1","1","1","1","1","0","1","1","1","1","0","1","1","1","1","1"
"11","0","1","1","0","1","0","0","1","1","0","0","1","1","1","1","1","0","0","0","0","1","0","0","1","0","1","1","1","0","0","0","1","0","0","0","0","0","0","0","0","0","0","1","1","1","0","1","0","0"
"19","0","1","1","1","1","1","0","1","0","1","1","0","0","0","0","1","0","0","1","1","1","1","1","1","0","0","1","0","1","1","1","1","1","0","1","1","1","0","0","1","1","1","0","0","0","1","0","1","1"
"21","0","0","0","0","0","0","0","0","0","0","0","0","0","0","0","0","0","0","0","0","0","0","0","0","0","0","0","0","0","0","0","0","0","0","0","0","0","0","0","0","0","0","0","0","0","0","0","0","0"
"12","0","0","0","0","1","0","0","1","0","0","0","0","0","0","0","0","0","0","1","0","0","1","0","0","0","0","0","0","0","0","0","0","0","0","1","0","0","0","0","1","0","0","0","0","0","0","0","0","0"
"15","0","1","1","1","1","1","1","1","0","1","0","1","1","0","1","1","1","0","1","1","1","1","1","1","0","0","1","1","1","1","1","1","1","1","1","1","1","1","0","1","1","1","0","1","1","1","1","1","1"
"14","0","1","0","0","0","0","0","1","0","1","1","0","0","0","0","1","0","1","0","0","0","1","0","0","0","0","0","0","1","0","1","0","0","1","1","0","0","0","0","0","0","0","0","0","0","0","0","1","0"
"16","0","1","0","0","1","0","0","0","0","0","0","0","0","0","0","0","0","0","1","0","1","0","0","0","0","0","0","0","1","0","0","0","0","0","1","0","0","0","0","0","0","0","0","0","0","0","0","0","0"
"18","0","1","1","1","1","1","1","1","0","1","1","1","1","0","1","1","1","0","1","1","1","1","1","1","0","1","1","1","1","1","1","1","0","1","1","1","1","1","0","1","1","1","1","0","1","1","1","1","1"
"46","0","1","1","1","1","1","1","1","0","0","1","1","0","0","0","1","0","0","1","1","1","1","1","1","0","0","1","1","1","1","1","1","1","0","1","1","1","1","0","1","1","1","1","0","0","1","1","1","1"
"25","0","1","1","1","1","1","1","1","0","1","1","1","1","0","0","1","0","0","1","1","1","1","1","1","0","0","1","1","1","1","1","1","1","0","1","1","1","1","0","1","1","1","1","0","0","1","1","1","1"
"31","0","0","1","0","1","1","0","1","0","0","0","0","0","0","0","1","0","0","1","0","1","1","0","0","0","0","0","0","1","1","1","0","0","0","1","1","0","0","0","1","0","1","0","0","0","0","0","1","1"
"28","0","0","0","0","1","0","0","1","0","0","0","0","0","0","0","0","0","0","1","0","0","1","0","0","0","0","0","0","0","0","0","0","0","0","1","0","0","0","0","1","0","0","0","0","0","0","0","0","0"
"32","0","0","0","0","1","0","0","1","0","0","0","0","1","0","0","0","0","0","1","0","0","1","0","0","0","0","0","0","0","1","0","0","0","0","1","0","0","0","0","1","0","0","0","0","0","0","0","1","0"
"29","0","1","0","1","1","1","1","1","0","1","1","1","1","0","1","1","1","0","1","1","1","1","1","1","0","1","1","1","1","1","1","1","1","1","1","1","1","1","0","1","1","1","1","0","1","1","1","1","1"
"30","0","1","1","1","1","1","1","1","0","1","1","1","0","0","0","1","1","0","1","1","1","1","1","1","0","1","1","0","1","1","1","1","0","0","1","1","1","0","0","1","1","1","1","0","0","0","0","1","1"
"33","0","1","1","1","1","1","1","1","0","1","1","0","1","0","1","1","1","0","1","1","1","1","1","1","0","0","1","0","1","1","1","1","1","1","1","1","1","1","0","1","1","1","0","0","1","1","0","1","1"
"38","1","1","1","0","1","0","0","1","0","1","0","0","0","0","0","0","0","0","1","0","1","1","0","0","0","0","0","0","0","1","0","0","0","1","1","1","1","0","1","1","1","1","0","0","1","0","0","1","1"
"34","0","1","1","1","1","1","1","1","0","1","1","1","1","0","1","1","1","0","1","1","1","1","1","1","0","1","1","1","1","1","1","1","1","1","1","1","1","1","0","1","1","1","1","0","0","1","1","1","1"
"37","0","1","0","0","1","1","1","1","0","1","1","1","1","0","0","1","1","0","1","0","1","1","1","1","0","1","1","1","1","1","1","1","1","1","1","1","1","1","0","1","1","1","1","0","0","0","1","1","1"
"35","0","1","0","0","1","0","0","1","0","0","1","0","0","0","0","1","0","1","1","0","1","1","0","0","0","0","0","0","1","1","1","0","0","0","1","1","0","0","0","1","0","1","0","0","0","0","0","1","1"
"36","0","0","0","0","1","1","1","1","0","0","1","1","1","0","0","1","1","0","0","0","0","0","0","0","0","0","1","0","1","1","1","1","0","0","1","1","1","1","0","1","1","1","1","0","0","0","0","1","1"
"52","0","0","0","1","0","1","0","1","0","1","0","0","0","0","0","1","0","1","1","1","1","1","1","1","0","0","0","0","1","1","1","0","0","0","0","1","1","0","1","1","1","1","1","0","0","1","0","1","1"
"40","0","0","0","0","0","0","0","1","0","0","0","0","0","0","0","0","0","0","1","0","0","1","0","0","0","0","0","0","0","0","0","0","0","0","0","0","0","0","0","1","0","0","0","0","0","0","0","0","0"
"42","0","1","1","0","1","1","0","1","0","1","1","0","1","0","1","1","1","0","1","1","1","1","1","0","0","0","0","0","1","1","1","0","0","0","1","1","0","0","0","1","0","1","0","0","0","0","0","1","1"
"44","0","1","1","1","1","1","1","1","0","1","1","1","1","0","1","1","1","0","1","1","1","1","1","1","0","0","1","1","1","1","1","1","1","1","1","1","1","1","0","1","1","1","1","0","0","1","1","1","1"
"49","0","0","0","0","1","1","1","1","0","0","1","1","0","0","0","1","0","0","1","0","0","1","1","1","0","0","0","0","0","0","1","1","0","0","1","0","1","1","0","1","1","0","1","0","0","1","0","0","0"
"45","0","1","0","0","1","0","0","1","0","1","0","0","1","0","0","0","1","0","0","0","1","1","1","0","0","0","0","0","1","1","1","0","1","0","1","0","0","0","0","1","0","1","0","0","0","0","0","1","1"
"47","0","0","0","0","1","0","0","1","0","1","0","0","0","0","0","1","0","0","1","1","1","1","0","0","0","0","0","1","1","1","0","1","0","0","1","1","0","0","0","1","0","1","0","0","0","0","0","1","1"
"48","0","0","0","0","0","0","0","0","0","0","0","0","0","0","0","0","0","0","0","0","0","0","0","0","0","0","0","0","0","0","0","0","0","0","0","0","0","0","0","0","0","0","0","0","0","0","0","0","0"
"50","0","0","0","0","1","0","0","1","0","0","0","0","0","0","0","0","0","0","1","0","0","1","0","0","0","0","0","0","0","0","0","0","0","0","1","0","0","0","0","1","0","0","0","0","0","0","0","0","0"
"51","0","1","1","0","1","1","1","0","0","1","1","1","0","0","1","1","1","0","1","1","1","1","1","1","0","0","1","1","1","1","1","0","1","0","1","1","1","0","0","1","1","1","0","0","0","0","0","1","1"
"53","0","0","0","1","1","1","0","1","0","0","1","0","0","0","0","0","0","0","1","0","0","1","1","1","0","0","1","0","0","0","1","1","1","0","1","0","1","0","0","1","0","0","0","0","0","0","0","0","0"
"54","0","1","1","1","1","1","1","1","0","1","1","1","1","0","1","1","1","0","1","1","1","1","1","1","0","1","1","1","1","1","1","1","1","1","1","1","1","1","0","1","1","1","1","0","1","1","1","1","1"
"55","0","1","1","1","1","1","0","1","0","1","1","0","1","0","1","1","1","0","1","1","1","1","1","1","0","1","1","1","1","1","1","1","1","1","1","1","1","1","0","1","1","1","1","0","1","1","1","1","1"
"56","0","1","1","1","1","1","1","1","0","1","1","1","0","0","0","1","0","0","1","1","1","1","1","1","0","0","1","1","1","1","1","1","1","0","1","1","1","1","0","1","1","1","1","0","0","1","0","1","1"
"57","0","1","1","0","1","1","0","1","0","1","1","0","1","0","1","1","1","0","1","1","1","1","1","1","0","0","0","0","1","1","1","1","0","1","1","1","0","0","0","1","1","1","0","0","0","0","0","1","1"
"58","0","0","0","0","1","0","0","1","0","0","0","0","0","0","0","0","0","0","1","0","0","1","0","0","0","0","0","0","0","1","0","0","0","0","1","0","0","0","0","1","0","0","0","0","0","0","0","1","0"
"59","0","1","1","1","1","1","1","1","0","1","1","1","1","0","1","1","1","0","1","1","1","1","1","1","0","1","1","1","1","1","1","1","1","1","1","1","1","1","0","1","1","1","1","0","1","1","1","1","1"
"60","0","1","1","1","1","1","1","1","0","1","1","1","1","0","0","1","1","0","1","1","1","1","1","1","0","0","1","1","1","1","1","1","1","0","1","1","1","1","0","1","1","1","1","0","0","1","1","1","1"
"69","0","1","1","1","1","1","1","1","0","1","1","1","1","0","1","1","1","0","1","1","1","1","1","1","1","1","1","1","1","1","1","1","0","1","1","1","1","1","0","1","1","1","1","0","1","1","1","1","1"
"72","0","0","0","0","1","0","0","1","0","0","0","0","0","0","0","0","0","0","1","0","0","1","0","0","0","0","0","0","0","0","0","0","0","0","1","1","0","0","0","1","0","0","0","0","0","0","0","0","0"
"64","0","1","1","1","1","1","1","1","0","1","1","1","1","0","1","1","1","1","1","1","1","1","1","1","0","0","1","1","1","1","1","1","1","1","1","1","1","1","0","1","1","1","1","0","1","1","0","1","1"
"62","0","1","1","0","1","1","1","1","0","1","1","1","1","0","1","1","1","0","1","1","1","1","1","1","0","0","1","1","1","1","1","1","1","1","1","1","1","1","0","1","1","1","1","0","0","0","1","1","1"
"75","0","0","0","0","1","0","1","1","0","0","0","1","0","1","0","1","0","0","0","0","1","1","0","0","0","0","0","0","1","1","0","0","0","0","0","1","0","1","0","1","0","0","0","0","0","0","1","1","0"
"61","0","1","1","1","1","1","1","1","0","1","1","1","1","0","1","1","1","0","1","1","1","1","1","1","0","0","1","1","1","1","1","1","1","1","1","1","1","1","0","1","1","1","1","0","0","1","1","1","1"
"63","0","1","1","1","1","1","1","1","0","1","1","1","1","0","1","1","1","0","1","1","1","1","1","1","0","1","1","1","1","1","1","1","1","1","1","1","1","1","0","1","1","1","1","0","1","1","0","1","1"
"70","0","1","1","1","1","1","0","1","0","1","1","0","1","0","0","1","0","0","1","1","1","1","1","1","0","0","1","0","1","1","1","1","1","1","1","1","1","0","0","1","1","1","0","0","0","1","0","1","1"
"66","0","1","1","1","1","1","1","1","0","1","1","1","1","0","0","1","0","0","1","1","1","1","1","1","0","0","0","1","1","1","1","1","1","0","1","1","1","1","0","1","1","1","1","0","0","1","1","1","1"
"65","0","1","1","0","1","1","1","1","0","1","1","1","0","0","0","1","0","0","1","0","1","1","1","0","0","0","1","1","1","1","1","0","1","0","1","1","0","1","0","1","0","1","1","0","0","0","0","1","1"
"68","0","0","0","0","1","1","0","1","0","0","1","0","1","0","0","1","0","0","1","0","1","1","1","1","0","0","1","1","1","1","1","1","1","0","1","1","1","1","0","1","1","1","1","0","0","0","0","1","1"
"67","0","1","1","0","1","1","0","1","0","1","0","0","0","0","0","1","0","0","1","1","0","1","0","1","0","0","0","0","1","1","0","0","0","0","1","1","0","0","0","1","0","1","0","0","0","0","0","1","1"
"71","0","0","1","1","1","0","1","1","0","0","1","1","0","0","0","1","0","0","0","0","1","1","1","1","0","0","0","0","1","1","1","1","1","0","1","1","1","1","0","1","0","1","1","0","0","0","0","1","1"
"76","0","1","1","1","1","1","0","1","0","1","1","0","1","0","1","1","1","0","1","1","1","1","1","1","0","0","1","0","1","1","1","1","0","1","1","1","1","0","0","1","1","1","0","0","1","1","0","1","1"
"81","0","1","1","1","1","1","0","1","0","1","1","0","1","0","1","1","1","0","1","1","1","1","1","1","0","0","1","0","1","1","1","1","1","0","1","1","1","0","0","1","1","1","0","0","0","1","0","1","1"
"73","0","1","1","0","1","1","1","1","1","0","1","1","0","0","0","1","0","0","0","1","1","1","1","1","0","0","1","1","0","1","1","1","1","0","1","1","1","1","0","1","1","0","1","0","0","0","1","1","1"
"74","0","1","0","0","1","0","1","0","0","0","0","1","0","0","0","1","1","0","0","0","0","1","1","1","0","0","0","0","0","1","1","0","0","0","1","0","0","1","0","0","0","0","0","0","0","0","0","0","0"
"77","0","0","0","1","1","1","0","1","0","0","1","0","0","0","0","0","0","0","1","0","0","1","1","1","0","0","0","0","0","0","1","1","0","0","1","1","0","0","0","1","1","0","1","0","0","0","0","0","0"
"78","0","1","1","1","1","1","1","1","0","1","1","1","1","0","1","1","1","0","1","1","1","1","1","1","0","0","1","1","1","1","1","1","1","0","1","1","1","1","0","1","1","1","1","0","1","1","1","1","1"
"88","0","0","0","0","0","0","0","1","0","0","0","0","0","0","0","0","0","0","0","0","0","1","0","0","0","0","0","0","0","0","0","0","0","0","1","0","0","0","0","0","0","0","0","0","0","0","0","0","0"
"90","0","0","1","1","1","1","0","1","0","0","1","0","0","0","0","1","0","0","1","1","1","1","1","1","0","0","1","0","1","1","1","1","1","1","1","1","1","0","0","1","1","1","0","0","0","1","0","1","1"
"84","0","1","1","1","1","1","1","1","1","1","1","1","1","0","0","0","0","0","1","1","1","1","1","1","0","0","1","1","1","1","1","1","1","0","1","1","1","1","1","1","1","1","1","1","0","1","1","1","1"
"83","0","1","1","1","1","1","1","1","0","1","1","1","1","0","0","1","1","0","1","1","1","1","1","1","0","0","0","0","1","1","1","1","1","0","1","1","1","1","0","1","1","1","1","0","0","1","1","1","1"
"82","0","1","1","1","1","1","1","1","0","1","1","1","1","0","1","1","1","0","1","1","1","1","1","1","0","0","1","1","1","1","1","1","1","1","1","1","1","1","0","1","1","1","1","0","1","1","1","1","1"
"85","0","0","0","0","1","0","0","1","0","0","0","0","0","0","0","0","0","0","0","0","0","1","0","0","0","0","0","0","0","1","0","0","0","0","1","0","0","0","0","1","0","0","0","0","0","0","0","1","0"
"86","0","0","0","0","1","1","1","1","0","0","1","1","0","0","0","1","0","0","1","0","0","1","1","1","0","0","0","0","1","1","1","0","1","0","1","1","1","0","0","0","1","1","1","0","0","1","1","1","1"
"87","0","1","1","1","1","1","1","1","0","1","1","1","1","0","1","1","1","0","1","1","1","1","1","1","0","0","1","1","1","1","1","1","1","0","1","1","1","1","0","1","1","1","1","0","0","1","1","1","1"
"89","0","0","1","0","1","0","1","1","0","0","1","1","0","0","0","1","0","0","1","1","1","1","1","1","0","0","1","0","1","1","1","1","0","0","1","1","1","1","0","1","1","1","0","0","0","0","0","1","1"
"93","0","1","1","0","1","1","0","1","0","1","1","0","0","0","1","1","1","0","1","1","1","1","1","1","1","0","0","0","1","1","1","1","0","0","1","1","1","0","0","1","1","1","0","1","0","0","0","1","1"
"91","0","1","1","1","1","1","1","1","0","1","1","1","1","0","1","1","1","0","1","1","1","1","1","1","0","0","1","0","1","1","1","1","1","1","1","1","1","1","0","1","1","1","1","0","1","1","1","1","1"
"92","0","0","1","1","1","1","1","1","0","0","1","1","0","0","0","1","1","0","1","0","1","1","1","0","0","0","0","1","1","1","1","1","0","0","1","1","1","1","0","1","1","1","1","0","0","0","1","1","1"
"96","0","1","1","1","1","1","1","1","0","1","1","1","1","0","1","1","1","0","1","1","1","1","1","1","0","1","1","0","1","1","1","1","1","1","1","1","1","1","0","1","1","1","1","0","1","1","0","1","1"
"95","0","1","1","1","1","1","0","1","0","1","1","0","1","0","0","1","0","0","1","1","1","1","1","1","0","1","1","0","1","1","1","1","1","1","1","1","1","0","0","1","1","1","0","0","0","1","0","1","1"
"97","0","0","0","0","1","1","0","1","0","0","0","0","0","0","0","0","0","0","1","1","1","1","1","1","1","0","0","0","0","1","1","1","0","0","1","1","1","0","1","1","1","1","0","0","0","1","0","0","1"
"98","0","0","0","0","1","1","1","1","0","0","1","1","1","0","0","1","0","0","1","0","1","1","0","0","0","0","0","0","1","1","1","0","0","0","1","1","0","0","0","1","1","1","0","0","0","0","0","1","1"
"99","0","0","0","0","1","0","0","1","0","0","0","0","0","0","0","0","0","0","1","0","0","1","0","0","0","0","0","0","0","1","0","0","0","0","1","0","0","0","0","1","0","1","0","0","0","0","0","1","0"
"100","0","0","0","0","1","1","0","1","0","0","1","0","0","0","1","1","1","0","0","0","1","1","1","0","0","0","0","0","1","1","1","0","0","1","1","1","0","0","0","0","0","1","0","0","0","0","0","1","1"
"101","0","0","0","0","0","0","0","0","0","0","1","0","0","0","1","0","0","0","0","1","0","0","0","1","0","0","0","1","0","0","0","0","0","1","0","1","0","0","1","0","1","0","0","1","1","0","0","0","0"
"103","0","1","1","0","1","1","1","1","0","1","1","0","1","0","0","1","0","0","1","1","1","1","1","1","0","0","0","0","1","1","1","1","0","0","1","1","1","1","0","1","0","1","1","0","0","0","0","1","1"
"102","0","1","1","1","1","1","0","1","0","1","1","0","1","0","1","1","1","0","1","1","1","1","1","1","0","0","1","0","1","1","1","1","1","1","1","1","1","1","0","0","1","1","1","0","0","1","0","1","1"
"104","0","1","1","1","1","1","0","1","0","1","1","0","0","0","0","1","0","0","1","1","1","1","1","1","0","0","1","0","1","1","1","1","1","0","1","1","1","0","0","1","1","1","0","0","0","1","0","1","1"
"107","0","0","0","0","1","0","1","1","0","0","0","0","0","0","0","1","0","0","1","0","1","1","1","1","0","0","0","0","1","1","1","1","0","0","1","1","0","1","0","1","1","1","1","0","0","0","0","1","1"
"106","0","0","0","0","1","0","1","1","0","0","0","1","0","0","0","1","0","0","1","0","1","1","1","1","0","0","0","0","0","1","1","1","0","0","1","1","0","1","0","1","0","1","1","0","0","0","0","1","1"
"108","0","1","0","0","1","0","0","1","0","1","0","0","0","0","0","1","0","0","1","0","1","1","0","0","0","0","1","0","1","1","1","0","0","0","1","1","0","0","0","1","0","1","0","0","0","0","0","1","1"
"109","0","0","0","0","0","0","0","0","0","0","0","0","0","0","0","0","0","0","0","0","0","0","0","0","0","0","0","0","0","0","0","0","0","0","0","0","0","0","0","0","0","0","0","0","0","0","0","0","0"
"110","0","0","0","0","1","0","0","1","0","0","1","0","0","0","0","0","0","0","1","0","0","1","0","0","0","0","0","0","0","0","0","0","0","0","1","0","0","0","0","1","0","0","0","0","0","0","0","0","0"
"119","0","1","0","1","0","1","0","0","0","1","0","0","1","0","1","0","1","1","0","0","1","0","1","0","0","1","1","0","1","1","0","0","1","1","0","1","1","0","1","0","0","1","0","0","1","0","0","1","1"
"132","0","0","0","0","0","0","0","0","0","0","0","0","0","0","0","0","0","0","0","0","0","0","0","0","0","0","0","0","0","0","0","0","0","0","0","0","0","0","0","0","0","0","0","0","0","0","0","0","0"
"121","0","1","1","0","1","1","1","1","0","1","1","1","1","0","0","1","1","0","1","1","1","1","1","1","0","0","1","0","1","1","1","1","1","1","1","1","1","1","0","1","1","1","1","0","0","1","0","1","1"
"117","0","1","1","1","1","1","1","1","0","0","0","0","0","0","0","0","0","0","1","0","0","1","0","1","0","0","0","1","0","1","1","1","0","0","1","0","0","0","0","1","1","0","0","0","0","0","0","0","0"
"118","0","0","0","0","1","0","0","1","0","0","0","0","0","0","0","0","0","0","1","0","0","1","0","0","0","1","0","0","0","0","0","0","0","0","1","0","0","0","1","1","0","0","0","0","0","0","0","0","0"
"115","0","1","1","1","1","1","1","1","0","1","1","1","1","0","1","1","1","0","1","1","1","1","1","1","0","1","1","1","1","1","1","1","1","1","1","1","1","1","0","1","1","1","1","0","1","1","1","1","1"
"114","1","1","1","1","1","1","0","1","0","0","0","0","0","0","1","1","1","0","0","0","1","0","0","0","1","1","1","0","1","1","1","1","0","0","0","0","0","0","1","1","1","1","0","0","0","0","0","0","0"
"127","0","0","0","0","0","0","0","0","0","0","0","0","0","0","0","0","0","0","0","0","0","0","0","0","0","0","0","0","0","0","0","0","0","0","0","0","0","0","0","0","0","0","0","0","0","0","0","0","0"
"116","0","1","0","0","1","0","1","1","0","1","1","0","1","0","0","0","1","0","1","0","1","1","1","1","0","0","0","0","1","1","1","1","0","0","1","1","0","0","0","1","0","1","1","0","0","0","0","1","1"
"111","0","0","0","0","0","0","0","1","0","0","1","0","1","0","0","0","0","0","1","0","0","1","0","0","0","0","0","0","0","1","0","0","0","0","1","0","0","1","0","0","0","0","0","0","0","0","0","1","1"
"133","0","1","1","1","1","1","1","1","0","1","1","1","0","0","0","1","0","0","1","1","1","1","1","1","0","0","1","1","1","1","1","1","1","0","1","1","1","1","0","1","1","1","1","0","0","1","1","1","1"
"122","0","1","1","0","1","0","0","1","0","1","0","0","0","0","0","1","0","0","1","1","1","1","0","0","0","0","0","0","1","1","0","0","0","0","1","1","0","0","0","1","0","1","0","1","0","0","0","1","1"
"125","0","1","1","1","1","1","1","1","0","1","1","1","0","0","0","1","0","0","1","1","1","1","1","1","0","0","1","1","1","1","1","1","1","0","1","1","1","1","0","1","1","1","1","0","0","1","1","1","1"
"123","0","0","0","0","0","0","0","0","0","0","0","0","0","0","0","0","0","0","0","0","0","0","0","0","0","0","0","0","0","0","0","0","0","0","0","0","0","0","0","0","0","0","0","0","0","0","0","0","0"
"120","0","0","0","0","0","0","0","1","0","0","0","0","0","0","0","0","0","0","0","0","0","1","0","0","0","0","0","0","0","1","0","0","0","0","0","0","0","0","0","0","0","1","0","0","0","0","0","1","1"
"124","0","0","0","0","0","0","0","0","0","0","0","0","0","0","0","0","0","0","0","0","0","0","0","0","0","0","0","0","0","0","0","0","0","0","0","0","0","0","0","0","0","0","0","0","0","0","0","0","0"
"126","0","0","0","0","1","0","0","1","0","0","0","0","0","0","0","1","0","0","1","0","1","0","1","0","0","0","1","0","1","1","1","1","0","0","1","1","0","0","0","1","0","1","0","0","0","0","0","1","1"
"128","0","0","0","0","0","0","0","0","0","0","0","0","0","0","0","0","0","0","0","1","0","0","0","0","0","0","0","0","0","0","0","0","0","0","0","0","0","0","0","1","0","0","0","0","0","0","0","0","0"
"129","0","1","1","1","1","1","1","1","0","1","1","1","1","0","1","1","1","0","1","1","1","1","1","1","1","1","1","1","1","1","1","1","1","1","1","1","1","0","1","1","1","1","1","0","0","1","1","1","1"
"131","0","1","1","1","1","1","0","1","1","1","1","0","1","0","0","1","1","0","1","1","1","1","1","1","0","0","1","0","1","1","1","0","0","0","1","1","1","0","0","1","1","1","0","1","1","1","0","1","1"
"130","0","1","1","0","1","1","1","1","0","1","1","1","0","0","0","1","0","0","1","1","1","1","1","1","0","0","1","1","1","1","1","1","0","0","1","1","1","1","0","1","0","1","1","0","0","0","0","1","1"
"134","0","0","0","0","0","0","0","0","0","0","0","0","0","0","0","0","0","0","0","0","0","0","0","0","0","0","0","0","0","0","0","0","0","0","0","0","0","0","0","0","0","0","0","0","0","0","0","0","0"
"149","0","0","0","0","0","0","0","1","0","0","0","0","0","0","0","0","0","0","0","0","0","1","1","0","0","0","0","0","0","1","1","0","0","0","0","0","0","0","0","0","0","1","0","0","0","0","0","1","1"
"136","0","1","0","0","1","1","0","1","0","1","1","0","0","0","0","1","0","0","1","0","1","1","0","0","0","0","0","0","1","1","0","0","0","0","1","1","0","0","0","1","0","1","0","0","0","0","0","1","1"
"135","0","0","0","0","1","0","0","1","0","0","0","0","1","0","0","0","0","0","0","0","0","1","1","0","0","0","0","0","0","1","1","0","0","0","1","0","0","0","0","0","0","1","0","0","0","0","0","1","1"
"137","0","1","1","0","1","0","1","1","0","1","1","0","0","0","0","1","0","0","1","1","1","1","0","0","0","0","1","0","1","1","0","1","0","0","1","1","1","0","0","1","0","1","1","0","0","0","0","1","1"
"139","0","0","0","0","1","0","0","1","0","0","1","0","0","0","0","0","0","0","0","0","0","1","0","0","0","0","0","0","0","0","0","0","1","0","1","0","0","1","0","1","0","0","0","0","0","0","0","0","0"
"138","0","0","1","0","0","1","0","1","0","0","0","0","0","0","0","1","0","0","1","0","1","1","1","0","0","0","0","0","1","1","0","0","0","0","1","1","1","0","0","1","1","1","0","0","0","0","0","1","1"
"140","0","1","0","0","1","1","0","1","0","1","1","0","0","0","0","1","0","0","1","1","1","1","1","1","0","0","1","0","1","1","1","1","0","0","1","1","1","1","0","1","1","1","1","0","0","0","0","1","1"
"141","0","1","1","1","1","1","1","1","0","1","1","1","1","0","1","1","1","0","1","1","1","1","1","1","0","1","1","1","1","1","1","1","1","1","1","1","1","1","0","1","1","1","1","0","1","1","1","1","1"
"142","0","1","1","0","1","1","0","1","0","1","1","0","1","0","1","1","1","0","1","1","1","1","1","1","0","1","1","0","1","1","1","1","1","1","1","1","1","1","0","1","1","1","1","0","1","0","0","1","1"
"143","1","0","1","1","0","0","0","1","0","0","1","0","0","1","0","1","1","0","1","0","0","0","0","0","0","0","1","0","0","0","1","1","0","1","1","0","0","0","0","0","0","1","0","0","0","0","1","1","0"
"144","0","0","0","0","1","0","0","1","0","0","0","0","0","0","0","0","0","0","1","0","0","1","0","0","0","0","0","0","0","1","0","0","0","0","1","1","0","0","0","1","0","1","0","0","0","0","0","1","1"
"146","0","1","0","0","1","0","0","1","0","1","0","0","0","0","0","0","0","0","0","0","1","1","0","0","0","0","0","0","1","1","0","0","0","0","1","0","0","0","0","1","0","0","0","0","0","0","0","1","0"
"147","0","0","0","0","1","0","0","1","0","0","0","0","0","0","0","0","0","0","1","0","0","1","0","0","0","0","0","0","0","0","0","0","0","0","1","0","0","0","0","1","0","0","0","0","0","0","0","0","0"
"150","0","1","1","1","1","1","0","1","1","1","1","0","0","0","0","1","0","0","1","1","1","1","1","1","0","1","1","0","1","1","1","1","1","1","1","1","1","0","0","1","1","1","0","0","0","1","0","1","1"
"153","0","1","1","0","1","1","0","1","1","1","1","0","0","0","0","1","0","0","1","1","1","1","1","1","0","0","1","0","1","1","1","0","1","0","1","1","0","0","0","1","0","1","0","0","0","0","0","1","1"
"148","0","1","1","0","1","1","1","1","0","1","1","0","1","0","1","1","1","0","1","1","1","1","1","1","0","1","1","1","1","1","1","1","1","1","1","1","1","1","0","1","1","1","1","0","0","0","0","1","1"
"151","0","0","0","0","0","0","0","1","0","0","0","0","0","0","0","0","0","0","1","0","0","0","0","0","0","0","0","0","0","0","0","0","0","0","1","0","0","0","0","0","0","0","0","0","0","0","0","0","0"
"152","0","1","1","1","1","1","1","1","0","1","1","1","1","0","1","1","1","0","1","1","1","1","1","1","0","1","1","1","1","1","1","1","1","1","1","1","1","1","0","1","1","1","1","0","1","1","1","1","1"
"155","0","0","0","0","1","0","0","1","0","0","0","0","0","0","0","0","0","1","1","1","0","1","0","0","0","0","0","0","0","0","0","0","0","0","1","0","0","0","0","1","0","0","0","0","0","0","0","0","0"
"154","0","1","1","1","1","1","1","1","0","1","1","1","0","0","1","1","1","0","1","1","1","1","1","1","0","0","1","1","1","1","1","1","1","0","1","1","1","1","0","1","0","1","1","0","0","0","1","1","1"
"156","0","0","0","0","1","0","0","1","0","0","0","0","0","0","0","0","0","0","1","0","0","0","0","0","0","0","0","0","0","0","0","0","0","0","1","0","0","0","0","1","0","0","0","0","0","0","0","0","0"
"157","0","0","0","0","0","0","0","1","0","0","0","0","0","0","0","0","0","0","0","0","1","1","0","0","0","0","0","0","0","0","0","0","0","0","1","0","0","0","0","0","0","0","0","0","0","0","0","0","0"
"158","0","1","1","1","1","1","1","1","0","1","1","1","1","0","1","1","1","0","1","1","1","1","1","1","1","1","1","1","1","1","1","1","1","1","1","1","1","1","0","1","1","1","1","0","1","1","1","1","1"
"159","0","1","1","0","1","1","1","1","0","1","1","1","1","0","1","1","1","0","1","1","1","1","1","1","0","0","1","1","1","1","1","1","1","1","1","1","1","1","0","1","1","1","1","0","0","1","1","1","1"
"160","0","0","0","0","0","0","0","0","0","0","0","0","0","0","0","0","0","0","0","0","0","0","0","0","0","0","0","0","0","0","0","0","0","0","0","0","0","0","0","0","0","0","0","0","0","0","0","0","0"
"172","0","0","0","0","1","0","0","1","0","0","0","0","0","0","0","1","0","0","1","1","1","1","0","0","0","0","0","0","1","1","0","0","0","0","1","0","0","0","0","1","0","1","0","0","0","0","0","1","0"
"167","0","1","1","0","1","1","1","1","1","1","1","1","1","0","1","1","1","0","1","1","1","1","1","1","0","0","1","1","1","1","1","1","1","1","1","1","1","1","0","1","1","1","1","0","0","1","0","1","1"
"164","0","1","1","0","1","1","1","1","0","1","1","1","1","0","1","1","1","0","1","1","1","1","1","1","0","1","1","1","1","1","1","1","1","1","1","1","1","1","0","1","1","1","1","0","0","1","1","1","1"
"161","0","1","0","0","1","0","0","1","0","1","0","0","0","0","0","0","0","0","1","0","1","1","0","0","0","0","0","0","0","0","0","0","0","0","0","0","0","0","1","1","0","0","0","0","0","0","0","1","0"
"171","0","1","1","1","1","1","1","1","0","1","1","1","1","0","1","1","1","0","1","1","1","1","1","1","0","1","1","1","1","1","1","1","1","1","1","1","1","1","0","1","1","1","1","0","1","1","1","1","1"
"182","0","1","0","1","1","1","1","1","0","1","1","1","1","0","1","1","1","0","1","1","1","1","1","1","0","1","1","1","1","1","1","1","1","1","1","1","1","1","0","1","1","1","1","0","1","1","1","1","1"
"175","0","1","1","0","1","0","0","1","0","1","0","0","1","0","0","1","0","0","1","1","0","1","1","0","0","0","0","0","1","1","1","0","0","0","1","1","0","0","0","1","0","1","0","0","0","0","0","1","1"
"168","0","0","0","0","0","0","0","0","0","0","0","0","0","0","0","0","0","0","1","0","0","0","0","0","0","0","0","0","0","0","0","0","0","0","1","0","0","0","0","0","0","0","0","0","0","0","0","0","0"
"162","0","0","1","1","1","1","0","1","1","0","1","0","0","0","0","0","0","0","1","0","1","1","1","1","1","0","1","0","0","1","1","1","1","0","1","0","0","1","0","1","1","1","0","0","0","1","0","1","1"
"166","0","0","0","0","1","1","0","1","0","0","1","0","0","0","0","0","0","0","1","0","1","1","1","1","0","0","0","0","1","1","1","1","0","0","1","0","1","0","0","1","1","0","0","0","0","0","0","1","0"
"165","0","1","1","0","1","1","1","1","0","1","1","1","1","0","1","1","1","0","1","1","1","1","1","1","0","1","1","1","1","1","1","1","1","1","1","1","1","1","0","1","1","1","1","0","1","0","0","1","1"
"174","0","0","0","0","0","0","0","0","0","0","0","0","0","0","0","0","0","0","0","0","0","0","0","0","0","0","0","0","0","0","0","0","0","0","0","0","0","0","0","0","0","0","0","0","0","0","0","0","0"
"170","0","1","1","0","1","1","1","1","0","1","1","1","1","0","1","1","1","0","1","1","1","1","1","1","0","0","1","0","1","1","1","1","1","1","1","1","1","1","0","1","1","1","1","0","0","1","0","1","1"
"173","0","0","0","0","1","0","0","1","0","0","0","0","0","0","0","0","0","0","1","0","1","1","1","0","0","0","0","0","1","1","0","0","0","0","1","1","0","0","0","1","0","1","0","0","0","0","0","1","1"
"179","0","0","0","0","1","0","0","1","0","0","0","0","0","0","0","0","0","0","1","0","0","1","0","0","0","0","0","0","0","0","0","0","0","0","1","0","0","0","0","1","0","0","0","0","0","0","0","0","0"
"169","0","0","0","0","1","0","0","1","0","0","0","0","0","0","0","0","0","0","1","0","0","1","0","0","0","0","0","0","0","0","0","0","0","0","1","0","0","0","1","1","0","0","0","0","0","0","0","0","0"
"163","0","1","1","1","1","0","1","1","0","1","1","1","1","0","0","1","1","0","1","1","1","1","1","1","0","0","1","1","1","1","1","1","1","0","1","1","0","1","0","1","0","1","1","0","0","0","1","1","1"
"176","0","1","1","1","1","1","1","1","0","1","1","1","0","0","0","1","0","0","1","1","1","1","1","1","0","0","1","1","1","1","1","1","1","0","1","1","1","0","0","1","1","1","1","0","0","1","1","1","1"
"184","0","1","1","0","1","1","1","1","0","0","1","0","1","0","1","1","1","0","1","1","1","1","1","1","0","0","0","0","1","1","1","1","1","0","1","1","1","0","0","1","1","1","1","1","0","1","0","1","1"
"177","0","1","1","1","1","1","0","1","0","1","1","0","0","0","0","1","0","0","1","1","1","1","1","1","0","0","1","0","1","1","1","0","0","0","1","1","0","0","0","1","0","1","0","0","0","1","0","1","1"
"178","0","1","1","1","1","1","1","1","0","1","0","1","0","0","0","1","0","0","0","0","1","0","1","1","0","0","1","0","1","0","1","1","1","0","0","0","1","0","0","1","1","0","1","0","0","1","0","0","0"
"180","0","0","0","0","1","0","0","1","0","0","0","0","0","0","0","0","0","0","1","0","0","1","0","0","0","0","0","0","0","0","0","0","0","0","1","0","0","0","0","1","0","0","0","0","0","0","0","0","0"
"183","0","1","1","1","1","1","1","1","0","1","1","1","1","0","0","1","0","0","1","1","1","1","1","1","0","0","1","0","1","1","1","1","1","1","1","1","1","1","0","1","1","1","1","0","0","1","1","1","1"
"181","0","0","0","0","1","1","0","1","0","1","1","0","0","0","0","1","0","0","1","1","1","1","1","0","0","0","0","0","1","1","1","0","1","0","1","1","1","1","0","1","1","1","0","0","0","0","0","1","1"
"186","0","0","0","0","1","1","1","1","0","1","1","1","1","0","1","1","1","0","1","0","1","1","1","1","0","0","1","0","1","1","1","1","0","1","1","1","1","1","0","1","1","1","1","0","0","1","1","1","1"
"185","0","1","1","0","1","1","1","1","0","1","1","1","1","0","0","1","1","0","1","1","1","1","1","1","0","0","1","1","1","1","1","1","1","1","1","1","1","1","0","1","1","1","1","0","0","1","0","1","1"
"187","0","0","0","0","1","0","0","1","0","0","0","0","0","0","0","0","0","0","1","0","1","1","0","0","0","0","0","0","0","0","0","0","0","0","1","0","0","1","0","1","0","1","0","0","0","0","0","0","0"
"189","0","1","1","1","1","1","1","1","0","1","1","1","1","0","1","1","0","0","1","1","1","1","1","1","0","0","1","1","1","1","1","1","1","0","1","0","1","1","0","0","1","1","1","0","0","0","1","1","1"
"188","0","1","1","1","1","1","1","1","0","1","1","1","0","0","0","1","0","0","1","0","1","1","1","1","0","0","1","1","1","1","1","1","1","0","1","1","1","1","0","1","1","1","1","0","0","1","0","1","1"
"190","0","0","0","0","1","1","1","1","0","0","1","1","0","0","0","1","0","0","1","0","1","1","1","1","0","0","0","0","0","1","1","1","0","0","1","1","0","1","0","1","1","1","1","0","0","0","0","1","1"
"195","0","1","1","1","1","1","1","1","0","1","1","1","1","0","1","1","1","0","1","1","1","1","1","1","0","1","1","1","1","1","1","1","1","1","1","1","1","1","0","1","1","1","1","0","1","1","1","1","1"
"200","0","1","1","1","1","1","1","1","0","1","1","1","1","0","1","1","1","0","1","0","1","1","1","1","0","0","0","0","1","1","1","1","0","0","1","1","1","1","0","1","1","1","1","0","0","1","1","1","1"
"194","0","1","1","0","1","0","0","1","0","1","0","0","0","0","0","1","0","0","1","1","1","1","0","0","0","0","0","0","1","1","0","0","0","0","1","1","0","0","0","1","0","1","0","0","0","0","0","1","1"
"193","0","1","1","0","1","1","1","1","1","1","1","0","0","0","0","1","0","0","1","1","1","1","1","1","0","0","1","0","1","1","1","0","0","0","1","0","0","0","0","1","1","1","0","1","0","0","0","1","1"
"191","0","1","1","1","1","1","1","1","0","1","1","1","1","0","1","1","1","0","1","1","1","1","1","1","0","0","1","1","1","1","1","1","1","1","1","1","1","1","0","1","1","1","1","0","1","1","1","1","1"
"192","0","1","1","0","1","0","0","1","0","1","0","0","0","0","0","0","1","0","1","0","1","1","0","0","0","0","0","0","1","1","0","0","0","0","1","1","0","0","0","1","0","1","0","0","0","0","0","1","1"
"196","0","1","1","0","1","1","0","1","0","1","1","0","1","0","0","1","1","0","1","0","1","1","1","1","0","0","0","0","1","1","1","1","0","0","1","1","0","0","0","1","0","1","0","0","0","0","0","1","1"
"198","0","1","1","1","1","1","1","1","0","1","1","1","0","0","0","1","0","0","1","1","1","1","1","1","0","0","1","1","1","1","1","1","1","0","1","1","1","0","0","1","1","1","1","0","0","1","0","1","1"
"199","0","0","0","0","0","0","0","0","0","0","0","0","0","0","0","0","0","0","0","0","0","0","0","0","0","0","0","0","0","0","0","0","0","0","0","0","0","0","0","0","0","0","0","0","0","0","0","0","0"
"201","0","1","0","0","1","0","0","1","0","1","0","0","1","0","0","0","0","0","1","0","1","1","0","0","0","0","0","0","1","1","0","0","0","0","0","0","0","0","0","1","0","1","0","0","0","0","0","1","1"
"202","0","1","1","1","1","1","1","1","0","1","1","1","1","0","1","1","1","0","1","1","1","1","1","1","0","1","1","1","1","1","1","1","1","1","1","1","1","1","0","1","1","1","1","0","1","1","1","1","1"
"203","0","1","1","1","1","1","0","1","0","1","1","0","1","0","1","1","1","0","1","1","1","1","1","1","0","1","1","0","1","1","1","1","1","1","1","1","1","0","0","1","1","1","0","0","1","1","0","1","1"
"204","0","1","1","0","1","1","1","1","0","1","1","1","1","0","1","1","1","0","1","1","1","1","1","1","0","0","1","0","1","1","1","1","1","1","1","1","1","1","0","1","1","1","1","0","0","0","0","1","1"
"205","0","1","1","0","1","1","0","1","0","1","1","0","0","0","0","1","1","0","1","1","1","1","1","1","0","0","1","0","1","1","1","1","1","0","1","1","1","1","0","1","1","1","1","0","0","0","0","1","1"
"206","0","1","1","1","1","1","0","1","0","1","1","0","0","0","0","1","0","0","1","1","1","1","1","0","0","0","1","0","1","1","1","0","1","0","1","1","1","0","0","1","1","1","1","0","0","1","0","1","1"
"208","0","1","1","1","1","1","0","1","0","1","1","1","1","0","0","1","1","0","1","1","1","1","1","1","0","0","1","1","1","1","1","1","1","0","1","1","1","1","0","1","1","1","1","0","0","1","1","1","1"
"209","1","1","1","1","0","1","1","0","0","1","1","0","0","0","1","1","1","0","1","0","1","1","1","1","0","0","1","1","1","1","1","1","0","0","0","1","1","0","0","0","1","1","1","0","0","1","1","1","0"
"211","0","1","0","0","1","1","1","1","0","1","1","0","1","0","1","1","1","0","1","1","1","1","1","1","0","0","0","0","1","1","1","1","0","1","1","1","1","0","0","1","1","1","1","0","0","0","0","1","1"
"213","0","1","1","0","1","1","1","1","0","1","1","1","0","0","0","1","0","0","1","1","1","1","1","1","0","0","1","0","1","1","1","1","1","0","1","1","1","1","0","1","1","1","1","0","0","1","1","1","1"
"212","0","1","1","1","1","1","1","1","1","1","1","1","1","0","0","1","1","0","1","1","1","1","1","1","0","0","1","0","1","1","1","1","1","0","1","1","1","1","0","0","1","1","1","0","0","1","1","1","1"
"215","0","0","0","0","1","0","1","1","0","0","0","0","0","0","0","1","1","0","1","0","1","1","1","1","0","0","0","0","1","1","1","1","0","0","1","1","0","1","0","1","1","1","1","0","0","0","0","1","1"
"214","0","0","0","0","1","0","0","1","0","0","0","0","0","0","0","0","0","0","1","0","0","1","0","0","0","0","0","0","0","0","0","0","0","0","1","0","0","0","0","1","0","0","0","0","0","0","0","0","0"
"216","1","1","1","1","1","1","0","1","0","0","0","0","0","0","1","0","1","0","1","1","0","1","0","0","1","1","1","1","1","1","1","1","0","0","1","0","1","0","1","1","1","1","1","0","0","0","0","0","0"
"217","0","0","0","0","1","0","0","1","0","0","0","0","0","0","0","0","0","0","0","0","0","1","0","0","0","0","0","0","0","0","0","0","0","0","0","0","0","0","0","0","0","0","0","0","0","0","0","0","0"
"218","0","1","1","0","1","1","1","1","0","1","1","1","1","0","1","1","1","0","1","1","1","1","1","1","0","0","0","0","1","1","1","1","0","1","1","1","1","1","0","1","1","1","1","0","0","1","1","1","1"
"219","0","1","1","1","1","1","1","1","0","1","1","1","1","0","1","1","1","0","1","1","1","1","1","1","0","1","1","1","1","1","1","1","1","1","1","1","1","1","0","1","1","1","1","0","1","1","1","1","1"
"220","0","1","1","1","1","1","1","1","1","1","1","1","1","0","1","1","1","0","1","1","1","1","1","1","0","1","1","1","1","1","1","1","1","1","1","1","1","1","1","1","1","1","1","1","1","1","1","1","1"
"221","0","0","0","0","1","0","0","1","0","0","0","0","0","0","0","0","1","1","1","0","0","1","0","0","0","0","0","0","0","1","1","0","0","0","1","0","0","0","0","1","0","0","0","0","0","0","0","1","0"
"222","0","0","1","1","1","1","0","1","0","1","1","0","0","0","0","1","0","0","1","1","1","1","1","0","1","0","0","0","1","1","1","1","1","0","1","1","0","0","0","1","1","1","0","1","0","1","0","1","1"
"223","0","0","0","0","0","1","0","1","0","0","0","0","0","0","0","0","0","0","0","0","1","1","0","0","0","0","0","0","0","1","0","0","0","0","1","0","0","0","0","1","0","1","0","0","0","0","0","0","0"
"224","0","0","0","0","1","1","1","1","0","0","1","1","1","0","0","1","1","0","0","0","1","1","1","1","0","0","0","0","1","1","1","1","0","0","1","1","1","1","0","1","1","1","1","0","0","0","0","1","1"
"225","0","0","0","0","1","0","0","1","0","0","0","0","0","0","0","0","0","0","1","0","0","1","0","0","0","0","0","0","0","0","0","0","0","0","1","0","0","0","1","1","0","0","0","0","0","0","0","0","0"
"228","0","1","1","0","1","1","1","1","0","1","1","1","1","0","1","1","1","0","1","1","1","1","1","1","0","1","1","0","1","1","1","1","1","0","1","1","0","1","0","1","1","1","1","0","0","0","0","1","1"
"245","1","1","1","1","1","1","0","1","0","0","0","0","0","0","1","1","1","0","0","0","0","0","0","0","0","1","1","0","1","1","1","1","0","0","0","0","0","0","1","1","1","1","0","0","0","0","0","0","0"
"239","1","1","1","1","1","1","1","1","0","0","0","0","0","0","1","1","1","0","0","0","0","0","0","0","1","1","1","1","1","1","1","1","0","0","0","0","0","0","1","1","1","1","1","0","0","0","0","0","0"
"226","0","1","1","0","1","1","1","1","1","1","1","0","1","0","0","1","0","0","1","1","1","1","1","0","0","0","1","0","1","1","1","0","1","0","1","1","1","0","1","1","1","1","1","1","1","1","1","1","1"
"258","0","1","1","1","1","1","0","1","0","1","1","0","1","0","1","1","1","0","1","1","1","1","1","1","0","1","1","0","1","1","1","1","1","1","1","1","1","0","0","1","1","1","0","0","1","1","0","1","1"
"238","0","1","1","1","1","1","0","1","0","0","0","0","0","0","0","1","0","0","0","0","0","1","1","0","0","0","0","0","1","0","1","0","0","0","0","0","0","0","0","1","0","0","0","0","0","0","0","0","0"
"229","0","1","1","1","1","1","1","1","0","1","1","1","1","0","1","1","1","0","1","1","1","1","1","1","0","0","1","0","1","1","1","1","0","0","1","1","1","1","0","1","1","1","1","0","0","0","0","1","1"
"248","0","0","0","0","0","0","0","1","0","0","0","0","0","0","0","0","0","0","0","0","1","0","0","0","0","0","0","0","1","1","0","0","0","0","1","0","0","0","0","1","0","0","0","0","0","0","0","1","0"
"234","0","0","0","0","1","0","0","1","0","0","0","0","0","0","0","0","0","0","1","0","0","1","0","0","0","0","0","0","0","0","0","0","0","0","1","0","0","0","0","1","0","0","0","0","0","0","0","0","0"
"233","0","1","0","0","1","0","0","1","0","1","0","0","0","0","0","0","0","0","1","0","1","1","0","0","0","0","0","0","1","1","0","0","0","0","1","0","0","0","0","1","0","0","0","0","0","0","0","1","0"
"240","1","1","1","1","1","1","0","1","0","0","0","0","0","0","1","1","1","0","0","0","0","0","0","0","1","1","1","0","1","1","1","1","0","0","0","0","0","0","0","0","1","0","0","0","0","0","0","0","0"
"236","0","1","1","0","1","1","0","1","0","1","0","1","0","0","0","1","0","0","1","1","1","1","0","0","0","0","1","0","1","1","1","0","1","0","1","1","0","1","0","1","0","0","0","0","0","0","0","1","0"
"235","0","1","1","1","1","1","1","1","0","1","1","1","1","0","1","1","1","0","1","1","1","1","1","1","0","1","1","1","1","1","1","1","1","1","1","1","1","1","0","1","1","1","0","0","1","1","1","1","1"
"255","0","1","1","1","1","1","1","1","0","1","1","1","0","0","0","1","0","0","1","1","1","1","1","1","0","0","1","1","1","1","1","1","1","0","1","1","1","1","0","1","1","1","1","0","0","1","1","1","1"
"237","0","1","1","1","1","1","1","1","0","1","1","1","0","0","0","1","0","0","1","1","1","1","1","1","0","0","1","1","1","1","1","1","1","0","1","1","1","1","0","1","1","1","1","0","0","0","0","1","1"
"243","0","1","1","0","1","1","0","1","0","0","1","0","0","0","0","1","0","0","1","0","1","1","1","1","0","0","1","0","1","1","1","1","1","0","1","1","1","0","0","1","1","1","0","0","0","0","0","1","1"
"242","0","0","0","0","1","0","0","1","0","0","0","0","0","0","0","1","0","0","1","1","0","1","1","0","0","0","0","0","0","0","0","0","0","0","0","0","0","0","0","1","0","1","0","0","0","0","0","1","1"
"249","0","1","1","1","1","1","1","1","0","1","1","1","1","0","1","1","1","0","1","1","1","1","1","1","0","1","1","1","1","1","1","1","1","1","1","1","1","1","0","1","1","1","1","0","1","1","1","1","1"
"254","0","0","0","0","0","0","0","0","0","0","0","0","0","0","0","0","0","0","1","0","0","0","0","0","0","0","0","0","0","0","0","0","0","0","0","0","0","0","0","0","0","0","0","0","0","0","0","0","0"
"246","0","0","0","0","0","0","0","0","0","0","0","0","0","0","0","0","0","0","0","0","0","0","0","0","0","0","0","0","0","0","0","0","0","0","0","0","0","0","0","0","0","0","0","0","0","0","0","0","0"
"251","0","1","1","1","1","1","0","1","0","1","1","0","1","0","1","1","1","0","1","1","1","0","1","1","0","1","1","0","1","1","1","0","1","1","1","1","1","0","0","1","1","1","0","0","1","1","0","1","1"
"250","0","0","0","0","0","0","0","1","0","0","0","0","0","0","0","0","0","0","1","0","0","1","0","0","0","0","0","0","0","0","0","0","0","0","1","0","0","0","0","0","0","1","0","0","0","0","0","0","0"
"253","0","0","0","0","0","0","0","0","0","0","0","1","0","0","0","0","0","0","0","0","1","0","0","0","0","0","1","0","0","0","0","0","1","0","1","0","0","1","0","0","0","0","0","0","1","0","0","0","0"
"252","1","1","0","1","0","0","0","0","0","0","0","1","1","0","0","0","0","0","1","1","0","0","0","0","0","0","1","1","0","1","0","0","0","1","0","0","0","0","0","1","0","0","0","0","1","0","1","1","0"
"256","0","1","1","1","1","1","1","1","0","1","1","1","1","0","1","1","1","0","1","1","1","1","1","1","0","0","1","1","1","1","1","1","1","1","1","1","1","1","0","1","1","1","1","0","1","1","0","1","1"
"257","0","0","0","0","0","0","0","0","0","0","0","0","0","0","0","0","0","0","0","0","0","0","0","0","0","0","0","0","0","0","0","0","0","0","0","0","0","0","0","0","0","0","0","0","0","0","0","0","0"
"260","0","0","1","1","1","1","1","1","0","1","1","1","0","0","0","1","0","0","1","1","1","1","1","0","0","0","1","1","1","1","1","1","1","0","1","1","1","1","0","1","0","1","1","0","0","0","0","1","1"
"261","0","0","0","0","1","1","0","1","0","0","1","0","0","0","0","1","0","0","1","0","1","1","1","1","0","0","0","0","1","1","1","1","0","0","1","1","0","0","0","1","1","1","0","0","0","0","0","1","1"
"263","0","1","1","1","1","1","1","1","0","1","0","1","0","0","0","0","0","0","1","1","1","1","1","1","0","0","1","1","1","1","1","1","1","0","1","1","1","1","1","0","1","0","1","0","0","1","1","0","0"
"266","0","1","1","1","1","1","1","1","0","1","1","1","0","0","0","1","0","0","1","1","1","1","1","1","0","0","1","1","1","1","1","1","1","0","1","1","0","0","0","1","1","1","1","0","0","1","1","1","1"
"265","0","0","0","0","1","0","0","1","0","1","0","0","0","0","0","1","0","0","1","0","1","1","1","1","0","0","0","0","1","1","1","1","0","0","1","1","1","1","0","0","0","1","1","0","0","0","0","1","1"
"267","0","1","1","1","1","1","1","1","0","1","0","0","0","0","0","1","0","0","0","0","1","1","0","0","0","0","1","0","1","1","1","1","0","0","1","0","0","0","0","1","1","1","1","0","0","0","0","0","0"
"262","0","0","0","0","1","0","0","1","0","0","0","0","0","0","0","0","0","0","0","0","0","0","1","1","0","1","0","0","0","1","1","0","0","0","0","1","0","1","0","0","0","1","1","0","0","0","0","1","1"
"264","0","0","1","0","1","0","0","1","0","0","0","0","0","0","0","1","0","0","1","1","1","1","0","0","0","0","0","0","1","1","0","0","0","0","1","1","0","0","0","1","0","1","0","0","0","0","0","1","1"
"268","0","0","1","1","1","1","0","1","0","0","0","0","0","0","0","1","0","0","1","1","0","1","1","1","1","0","1","0","0","0","1","1","1","0","1","1","1","0","1","1","1","1","0","1","0","1","0","0","0"
"269","0","1","1","1","1","1","1","1","0","1","1","1","1","0","0","1","1","0","1","1","1","1","1","1","0","0","1","1","1","1","1","1","1","1","1","1","1","1","0","1","1","1","1","0","0","1","1","1","1"
"270","0","0","0","0","1","0","0","1","0","0","1","1","0","0","0","1","0","0","1","0","1","1","1","1","0","0","1","0","1","0","1","0","1","0","1","1","0","1","0","1","1","0","1","0","0","0","1","1","1"
"272","0","1","1","1","1","1","1","1","0","1","1","1","1","0","1","1","1","0","1","1","1","1","1","1","0","1","1","1","1","1","1","1","1","1","1","1","1","1","0","1","1","1","1","0","1","1","1","1","1"
"271","0","1","1","0","1","0","1","1","0","1","1","1","0","0","0","1","0","0","1","0","1","1","0","0","0","0","0","1","1","1","1","1","1","0","1","1","1","1","0","1","0","1","1","0","0","0","0","1","1"
"274","0","1","0","0","1","0","0","1","1","1","1","0","0","0","1","1","0","1","1","1","1","1","1","1","0","0","1","0","1","1","0","0","0","0","1","1","0","0","0","1","0","1","0","0","0","0","0","1","1"
"275","0","1","1","1","1","1","1","1","0","1","1","1","1","0","1","1","1","0","1","1","1","1","1","1","0","1","1","1","1","1","1","1","1","1","1","1","1","1","0","1","1","1","1","0","1","1","1","1","1"
"273","0","0","0","0","1","0","0","1","0","1","0","0","0","0","0","0","0","0","1","0","0","1","0","0","0","0","0","0","1","1","0","0","0","0","1","0","0","0","0","1","0","0","0","0","0","0","0","1","0"
"278","0","0","0","0","0","0","0","0","0","0","0","0","0","0","0","0","0","0","0","0","0","0","0","0","0","0","0","0","0","0","0","0","0","0","0","0","0","1","0","0","0","0","0","0","0","0","0","0","0"
"277","0","0","0","0","1","1","0","1","0","1","0","0","0","0","0","1","0","0","1","0","1","1","0","0","0","0","0","0","1","1","0","0","0","0","0","1","0","0","0","1","0","0","0","0","0","0","0","1","1"
"280","0","1","1","0","1","0","1","1","0","1","0","1","0","0","0","1","1","0","1","1","1","1","1","0","0","0","0","0","1","1","0","0","0","0","1","1","0","0","0","1","0","1","1","0","0","0","0","1","1"
"281","0","0","0","0","1","0","0","0","0","0","0","0","0","0","0","0","0","0","0","0","0","0","0","0","0","0","0","0","1","1","0","0","0","0","0","0","0","0","0","0","0","0","0","0","0","0","0","0","0"
"284","0","1","1","1","1","1","1","1","0","1","1","1","1","1","1","1","1","1","1","1","1","1","1","1","1","1","1","1","1","1","1","1","1","1","1","1","1","1","0","1","1","1","1","0","0","1","0","1","1"
"282","0","1","1","0","1","1","0","1","0","1","0","0","0","0","0","1","0","0","1","1","1","1","1","0","0","0","1","0","1","1","1","1","1","0","1","1","0","0","0","1","1","1","0","0","0","0","0","1","1"
"285","0","1","0","0","1","0","1","1","0","0","0","1","0","0","0","0","0","0","1","1","1","0","0","0","1","0","1","0","1","0","0","0","1","0","1","1","1","0","0","1","0","0","0","0","0","0","1","0","0"
"286","0","1","1","0","1","1","1","1","0","1","1","1","1","0","0","1","1","0","1","1","1","1","1","1","0","0","0","0","1","1","1","1","1","1","1","1","1","1","0","1","1","1","1","0","0","0","0","1","1"
"287","0","0","0","0","1","1","0","1","0","0","0","0","0","0","0","0","0","0","1","0","0","1","0","0","0","0","0","0","0","0","1","0","0","0","1","0","0","0","0","1","0","0","0","0","0","1","0","0","0"
"288","0","0","0","0","1","0","0","1","0","0","0","0","0","0","0","0","0","0","1","0","0","1","0","0","0","0","0","0","0","0","0","0","0","0","1","0","0","0","0","1","0","0","0","0","0","0","0","0","0"
"289","0","1","1","1","1","1","0","1","0","1","1","0","0","0","0","1","0","0","1","1","1","1","1","1","0","0","1","0","1","1","1","1","1","0","1","1","1","1","0","1","1","1","0","0","0","1","0","1","1"
"290","0","0","0","0","1","0","0","1","0","0","0","0","0","0","0","0","0","0","1","0","0","1","0","0","0","0","0","0","0","0","0","0","0","0","1","0","0","0","0","1","0","0","0","0","0","0","0","0","0"
"291","0","1","0","0","1","1","1","1","0","0","1","1","0","0","0","1","0","0","1","0","1","1","1","1","0","0","0","0","1","1","1","1","0","0","1","1","1","1","0","1","1","1","1","0","0","0","1","1","1"
"293","0","0","0","0","1","0","0","1","0","0","0","0","0","0","0","0","0","0","1","0","0","1","0","0","0","0","0","0","0","0","0","0","0","0","1","0","0","0","0","1","0","0","0","0","0","0","0","0","0"
"292","1","1","1","1","1","1","1","1","0","0","0","0","0","0","1","1","1","0","1","0","0","0","0","0","1","1","0","0","1","1","0","1","0","0","0","0","0","0","1","1","0","1","0","0","0","0","0","0","0"
"294","0","0","0","0","1","0","0","1","0","0","0","0","0","0","0","0","0","0","1","0","0","1","0","0","0","0","0","0","0","0","0","0","0","0","1","0","0","0","0","1","0","0","0","0","0","0","0","0","0"
"295","0","1","1","0","0","0","0","1","0","1","0","0","0","0","0","0","0","0","1","0","1","1","0","0","0","0","0","0","1","1","1","0","0","0","0","1","0","0","0","1","0","1","0","0","0","0","0","0","0"
"296","0","1","1","0","1","1","0","1","0","1","0","0","0","0","0","0","0","0","1","0","1","1","0","0","0","0","0","0","1","1","0","0","0","0","1","0","0","0","0","1","0","1","0","0","0","0","0","1","1"
"297","0","1","1","0","1","0","0","1","0","0","0","0","0","0","0","1","0","0","0","0","1","1","0","1","0","0","0","0","1","1","0","1","0","0","1","1","0","1","0","1","0","0","0","0","0","0","0","1","0"
"298","0","1","0","1","1","0","1","1","1","0","1","1","0","1","0","1","0","0","1","0","0","1","0","1","0","0","0","0","1","1","1","0","1","0","1","1","1","0","0","1","1","1","1","0","0","0","0","0","1"
"299","0","1","1","0","0","1","1","1","0","1","1","0","0","0","0","1","0","0","1","1","1","1","1","1","0","0","1","1","1","1","1","1","1","0","1","1","1","1","0","1","1","1","1","0","0","1","1","1","1"
"300","0","1","1","1","1","1","1","1","0","1","1","1","0","0","0","1","0","0","1","1","1","1","1","1","0","0","1","0","1","1","1","0","1","0","1","1","1","0","0","1","1","1","1","0","0","0","0","1","1"
"301","0","0","0","0","1","1","0","1","0","0","0","0","1","0","0","1","0","0","1","0","1","1","0","0","0","0","0","0","1","1","0","1","0","0","1","1","1","0","0","0","0","1","1","0","0","0","0","1","1"
"302","0","0","0","0","1","0","0","1","0","0","0","0","0","0","0","0","0","0","1","0","0","1","0","0","0","0","0","0","0","1","0","0","0","0","1","0","0","0","0","0","0","0","0","0","0","0","0","1","0"
"304","0","0","0","1","0","1","0","0","1","0","1","0","0","0","0","0","0","1","0","0","0","1","0","0","1","0","0","0","0","0","0","0","0","1","0","0","0","1","0","0","0","1","0","0","0","0","1","0","0"
"303","0","0","0","0","1","1","0","1","0","1","1","1","0","0","0","1","0","0","1","0","1","1","1","1","0","0","1","0","1","1","1","1","0","0","1","1","1","1","0","1","1","1","1","0","0","0","0","1","1"
"305","0","1","1","1","1","1","1","1","0","1","1","1","1","0","1","1","1","0","1","1","1","1","1","1","0","1","1","1","1","1","1","1","1","1","1","1","1","1","0","1","1","1","1","0","1","1","1","1","1"
"306","0","1","1","1","1","1","1","1","0","1","1","0","0","0","0","1","0","0","1","1","1","1","1","1","0","0","1","1","1","1","1","1","1","0","1","1","1","1","0","1","1","1","1","0","0","1","1","1","1"
"307","0","1","1","0","1","1","0","1","0","1","1","0","1","0","1","1","1","0","1","1","1","1","1","1","0","0","1","1","1","1","1","0","1","0","1","1","1","1","0","1","1","1","1","0","0","0","0","1","1"
"308","0","0","1","1","1","1","1","1","0","0","1","1","0","0","0","1","0","0","1","1","1","1","1","1","0","0","1","0","1","1","1","1","1","0","1","0","0","1","0","1","1","1","1","0","0","0","1","1","1"
"309","0","1","1","1","1","1","1","1","0","1","1","0","0","0","0","0","0","0","1","1","1","1","1","1","0","0","1","0","1","1","1","1","0","0","1","1","1","0","0","1","0","1","1","0","0","0","0","1","1"
"310","0","1","1","1","1","1","1","1","0","1","1","1","1","0","1","1","1","0","1","1","1","1","1","1","0","1","1","1","1","1","1","1","1","1","1","1","1","1","0","1","1","1","1","0","1","1","1","1","1"
"312","0","0","0","0","1","1","1","1","0","0","1","1","1","0","1","1","1","1","1","1","1","1","1","1","0","0","1","0","1","1","1","1","0","1","1","0","0","0","0","1","1","1","0","1","0","1","0","1","1"
"311","0","1","1","1","1","1","0","1","0","1","1","0","1","0","1","1","1","0","1","1","1","1","1","1","0","1","1","0","1","1","1","1","1","1","1","1","1","0","0","1","1","1","0","0","1","1","0","1","1"
"314","0","1","1","1","1","1","1","1","0","1","1","1","0","0","0","1","0","0","1","1","1","1","1","1","0","0","1","1","1","1","1","1","1","0","1","1","1","1","0","1","1","1","1","0","0","1","1","1","1"
"315","0","0","1","1","1","1","0","1","0","0","0","0","0","0","0","1","0","0","0","1","1","1","1","1","0","0","0","0","0","0","0","0","0","0","1","0","0","0","0","1","0","0","0","0","0","1","0","0","0"
"316","0","1","1","0","1","1","1","1","0","0","1","1","1","0","1","1","1","0","1","1","1","1","1","1","0","0","1","1","1","1","1","1","1","1","1","1","1","1","0","1","1","1","0","0","0","0","0","1","1"
"317","0","0","1","1","1","1","1","0","0","0","1","0","0","0","0","1","1","1","1","1","0","0","1","1","1","1","1","0","1","1","0","1","1","0","0","0","0","1","1","1","1","1","0","0","0","0","1","0","0"
"318","0","1","1","1","1","1","1","1","0","1","1","1","0","0","0","1","0","0","1","1","1","1","1","1","0","0","1","1","1","1","1","1","1","0","1","1","1","1","0","1","1","1","1","0","0","1","1","1","1"
"319","0","0","0","0","1","0","0","1","0","0","0","0","0","0","0","0","0","0","1","0","0","1","0","0","0","0","0","0","0","0","0","0","0","0","1","0","0","0","0","1","0","0","0","0","0","0","0","0","0"
"323","0","0","0","0","0","0","0","0","0","0","0","0","0","1","1","1","1","0","1","1","1","1","0","0","0","1","0","0","1","1","0","0","0","0","1","0","1","1","1","1","1","1","1","1","1","1","0","1","0"
"322","0","1","1","0","0","0","1","1","0","0","0","0","0","1","0","0","1","0","0","1","0","1","0","0","0","0","0","0","1","0","1","0","0","0","1","0","0","0","0","0","1","1","0","0","1","0","1","1","1"
"327","0","0","0","0","1","0","0","1","0","0","0","0","0","0","0","0","0","0","1","0","0","1","0","0","0","0","0","0","0","1","1","0","0","0","1","0","0","0","0","1","0","1","0","0","0","0","0","1","1"
"326","0","1","1","0","1","1","1","1","0","0","1","0","1","0","1","1","1","0","0","0","1","1","1","1","0","0","0","0","1","1","1","1","0","1","1","1","1","1","0","1","1","1","1","0","0","0","0","1","1"
"328","0","1","1","1","1","1","1","1","0","1","1","1","1","0","1","1","1","0","1","0","1","1","1","1","0","0","0","1","1","1","1","1","1","1","1","1","1","1","0","1","1","1","1","0","0","0","1","1","1"
"329","0","1","1","0","1","1","1","1","0","1","1","1","1","0","0","1","0","0","1","0","1","1","1","1","0","0","1","0","1","1","1","1","0","0","1","1","1","1","0","1","1","1","0","1","0","0","0","1","1"
"330","0","1","0","1","1","1","1","1","0","1","1","1","0","0","0","1","0","0","1","0","1","1","1","1","0","0","1","0","1","1","1","0","1","0","1","1","1","1","0","0","1","0","0","0","0","0","1","1","1"
"331","0","0","0","0","0","0","0","1","0","0","0","0","0","0","0","0","0","0","0","0","0","0","0","0","0","0","0","0","0","0","0","0","0","0","0","0","0","0","0","0","0","0","0","0","0","0","0","0","0"
"336","0","1","0","0","1","0","1","1","0","1","1","0","1","0","1","1","1","0","0","1","1","1","1","1","0","1","0","0","1","1","1","1","0","1","1","0","1","0","0","1","0","1","1","0","0","0","0","1","0"
"337","1","1","1","1","1","1","0","1","0","0","0","0","1","0","1","1","1","0","0","0","0","1","0","1","1","1","1","0","1","1","1","1","0","0","0","0","0","0","1","1","1","1","0","0","0","0","0","0","0"
"338","0","1","1","1","1","1","1","1","0","1","1","1","1","0","1","1","1","0","1","1","1","1","1","1","0","0","1","0","1","1","1","1","1","1","1","1","1","1","0","1","1","1","1","0","0","0","0","1","1"
"339","0","1","0","0","1","0","0","1","0","0","0","0","0","0","0","0","0","0","1","0","1","1","0","0","0","0","0","0","0","1","0","0","0","0","1","0","0","0","0","1","0","0","0","0","0","0","0","1","0"
"340","0","0","0","0","1","0","0","1","0","0","0","0","0","0","0","0","0","0","1","0","0","1","0","0","0","0","0","0","0","0","0","0","0","0","1","0","0","0","1","1","0","0","0","0","0","0","0","0","0"
"341","0","1","1","1","1","1","1","1","0","1","1","1","1","0","1","1","1","0","1","0","1","1","1","1","0","0","1","0","1","1","1","1","1","0","1","1","1","1","0","1","0","1","1","0","1","0","1","1","1"
"342","1","1","1","1","1","1","1","1","0","1","1","1","1","1","1","1","1","0","1","1","1","1","1","1","0","1","1","1","1","1","1","1","1","1","1","1","1","1","0","1","1","1","1","0","1","1","1","1","1"
"343","0","0","0","0","1","0","0","1","0","0","0","0","0","0","0","0","0","0","1","0","0","1","1","1","0","0","0","0","0","1","1","1","0","0","1","0","0","1","0","1","0","1","1","0","0","0","0","1","1"
"344","0","0","0","0","1","0","0","1","0","0","0","0","0","0","0","1","0","0","1","0","0","1","0","0","0","0","0","0","0","0","0","0","0","0","1","0","0","0","0","1","0","0","0","0","0","0","0","0","0"
"347","0","0","0","0","1","0","0","1","0","0","0","0","0","0","0","0","0","0","1","0","0","1","0","0","0","0","0","0","0","0","0","0","0","0","1","0","0","0","0","1","0","0","0","0","0","0","0","0","0"
"346","0","0","0","0","1","0","0","1","0","0","0","0","0","0","0","0","0","0","0","0","0","1","0","0","0","0","0","0","0","0","0","0","0","0","1","0","0","0","0","0","0","0","0","0","0","0","0","0","0"
"345","0","0","1","0","1","1","1","1","0","1","1","0","1","0","0","1","1","0","1","0","1","1","1","1","0","0","0","0","1","1","1","1","0","0","1","1","1","1","0","1","0","1","1","0","0","0","0","1","1"
"371","0","1","1","1","1","1","1","1","0","1","1","1","1","0","0","1","1","0","1","1","1","1","1","1","0","0","0","0","1","1","1","1","1","0","1","1","1","1","0","1","1","1","1","0","0","1","1","1","1"
"383","0","0","0","0","1","1","0","1","0","0","1","0","0","0","0","0","0","0","1","0","0","1","0","1","0","0","1","0","0","0","1","0","1","0","1","0","0","0","1","1","0","0","0","0","0","1","0","1","0"
"355","0","0","1","1","1","1","0","1","0","0","1","0","0","0","0","1","0","0","1","1","0","1","1","1","0","0","1","0","1","1","1","0","1","0","1","1","1","1","0","1","1","1","1","0","0","1","0","1","1"
"363","0","0","1","1","1","1","1","1","0","0","1","0","0","0","0","0","0","0","1","0","0","1","0","0","0","0","0","0","0","0","0","0","1","0","1","1","1","1","0","1","0","0","0","0","0","0","0","0","0"
"353","0","0","0","0","1","0","0","1","0","0","0","0","0","0","0","0","0","0","1","0","1","1","1","1","0","0","1","0","1","0","1","1","1","0","1","1","1","0","0","0","0","1","0","0","0","0","0","1","1"
"356","0","1","1","0","1","1","1","1","0","1","1","1","0","0","0","1","0","0","1","1","1","1","1","1","0","0","1","0","1","1","1","1","0","0","1","1","1","1","0","1","1","1","1","0","0","0","0","1","1"
"359","0","1","1","1","1","1","1","1","1","1","1","1","0","0","0","1","0","0","1","1","1","1","1","1","1","0","1","1","1","1","1","1","1","0","1","1","1","1","0","1","1","1","1","0","0","1","1","1","1"
"354","0","1","1","1","1","1","1","1","0","1","1","1","1","0","1","1","1","0","1","1","1","1","1","1","0","1","1","1","1","1","1","1","1","1","1","1","1","1","0","1","1","1","1","0","1","1","1","1","1"
"357","0","0","1","0","1","1","1","1","0","1","1","1","0","0","0","1","0","0","1","1","1","1","1","0","0","0","0","0","1","1","1","0","1","0","1","1","0","1","0","1","0","1","1","0","0","0","0","1","1"
"358","0","1","1","0","1","0","0","1","0","0","1","0","0","0","0","1","0","0","1","1","1","1","1","1","0","0","1","0","1","1","1","1","1","0","1","1","0","0","0","1","0","1","1","0","0","1","1","1","1"
"351","0","1","1","1","1","1","1","1","0","1","1","1","1","0","1","1","1","0","1","1","1","1","1","1","0","1","1","1","1","1","1","1","1","1","1","1","1","1","0","1","1","1","1","0","0","1","1","1","1"
"350","0","0","0","0","1","0","0","1","0","0","0","0","0","0","0","1","0","0","1","1","0","1","1","1","0","0","0","0","0","0","0","0","0","0","1","0","0","0","0","1","0","0","0","0","0","1","0","0","1"
"348","0","1","1","1","1","1","1","1","0","1","1","1","1","0","1","1","1","0","1","1","1","1","1","1","0","1","1","1","1","1","1","1","1","1","1","1","1","1","0","1","1","1","1","0","0","0","1","1","1"
"349","1","1","1","0","1","1","0","1","0","1","1","0","1","0","1","1","1","0","1","1","1","1","1","1","0","0","1","0","1","1","1","1","1","1","1","1","1","0","0","1","1","1","0","0","1","0","0","1","1"
"373","0","0","0","0","1","0","0","1","0","0","0","0","0","0","0","0","0","0","1","0","0","1","0","0","0","0","0","0","0","0","0","0","0","0","1","0","0","0","0","0","0","0","0","0","0","0","0","0","0"
"352","0","1","0","0","1","0","0","1","0","0","0","0","1","0","0","1","0","0","1","0","1","1","1","0","0","0","0","0","1","1","1","0","0","0","1","0","0","0","0","1","0","1","0","0","0","0","0","1","1"
"365","0","1","1","1","1","1","1","1","0","1","1","1","1","0","1","1","1","0","1","1","1","1","1","1","0","1","1","1","1","1","1","1","1","1","1","1","1","1","0","1","1","1","1","0","1","1","1","1","1"
"376","0","1","1","1","1","1","0","1","0","1","1","0","1","0","1","1","1","0","1","1","1","1","1","1","0","1","1","0","1","1","1","1","1","1","1","1","1","0","0","1","1","1","0","0","1","1","0","1","1"
"366","0","0","0","0","1","0","0","1","0","0","1","0","0","0","0","1","0","0","1","1","1","1","1","0","0","0","0","0","1","1","0","0","0","0","1","1","0","0","0","1","0","0","0","0","0","0","0","0","1"
"367","0","0","0","1","0","0","0","0","0","0","0","0","0","0","0","0","0","0","0","0","0","0","0","1","0","0","0","0","0","0","1","1","0","0","0","0","1","0","0","0","1","0","0","0","0","1","0","0","0"
"361","0","0","0","0","1","0","0","1","0","1","0","0","0","0","0","0","0","0","1","0","1","1","1","0","0","0","0","0","1","1","0","0","0","0","1","0","0","0","0","1","0","0","0","0","0","0","0","1","0"
"362","0","1","1","0","0","0","0","1","0","1","0","0","0","0","0","1","0","0","1","0","0","1","0","0","0","0","0","0","0","0","0","0","0","0","1","1","0","0","0","1","1","1","0","0","0","0","1","1","1"
"382","0","1","1","1","1","1","1","1","0","1","1","1","1","0","1","1","1","0","1","1","1","1","1","1","0","1","1","1","1","1","1","1","1","1","1","1","1","1","0","1","1","1","1","0","1","1","1","1","1"
"372","0","0","0","0","1","0","0","1","0","0","0","0","0","0","0","0","0","0","1","0","0","1","1","1","0","0","0","0","1","1","1","0","0","0","1","1","0","0","0","1","0","0","0","0","0","0","0","1","1"
"360","0","0","0","1","1","1","0","1","0","0","0","0","0","0","0","1","1","0","1","0","1","1","1","1","0","0","0","0","1","1","1","1","0","0","1","1","1","0","0","1","1","1","1","0","0","0","0","1","1"
"370","0","1","1","1","1","1","1","1","1","1","1","1","1","0","0","1","0","0","1","1","1","1","1","1","0","0","1","1","1","1","1","1","1","0","1","1","1","1","0","1","1","1","1","0","0","1","1","1","1"
"378","0","1","1","1","1","1","1","1","0","1","1","1","1","0","1","1","1","0","1","1","1","1","1","1","0","1","1","1","1","1","1","1","1","1","1","1","1","1","0","1","1","1","1","0","1","1","1","1","1"
"369","0","1","1","1","1","1","1","1","0","1","1","1","1","0","0","1","1","0","1","1","1","1","1","1","0","0","1","1","1","1","1","1","1","0","1","1","1","1","0","1","1","1","1","0","0","1","1","1","1"
"368","0","1","0","1","1","1","0","1","0","1","0","0","0","0","0","0","0","0","1","0","0","1","0","0","0","0","0","0","0","0","0","0","0","0","1","0","0","0","0","1","0","0","0","0","0","0","0","0","0"
"380","0","1","0","0","1","1","0","1","0","1","1","0","0","0","0","1","1","0","1","1","1","1","1","1","0","0","1","0","1","1","1","1","1","0","1","1","0","1","0","1","0","1","0","0","0","0","0","1","1"
"377","1","0","0","0","1","1","0","1","0","0","0","1","0","0","0","1","0","0","1","0","1","1","0","0","0","0","0","0","1","1","1","0","0","0","1","0","0","1","0","1","0","1","1","0","0","0","0","0","1"
"374","0","0","0","1","1","0","0","1","0","0","1","0","0","0","0","1","0","0","0","0","0","1","1","1","0","0","1","0","0","0","1","1","0","0","0","0","1","0","0","1","1","0","0","0","0","1","0","0","1"
"375","0","1","0","0","1","1","0","1","0","1","1","0","0","0","0","1","0","0","1","0","1","1","1","0","0","0","0","0","1","1","1","0","0","0","1","1","0","1","0","1","0","1","1","0","0","0","0","1","1"
"379","0","0","0","0","1","0","0","1","0","0","0","0","1","0","0","0","0","0","1","1","0","1","0","0","0","0","0","1","0","0","0","0","0","0","0","0","0","0","1","1","0","0","0","0","0","0","0","0","0"
"381","0","0","0","0","1","1","0","1","0","1","0","0","1","0","0","1","1","0","1","0","1","1","0","0","0","0","1","0","1","1","1","1","0","0","1","1","0","1","0","1","0","1","0","0","0","0","0","1","1"
"384","0","0","0","1","1","1","0","1","0","1","1","0","0","0","0","1","0","0","1","1","0","1","1","1","0","0","1","0","0","0","1","1","1","0","1","1","1","1","0","1","1","1","0","0","0","1","0","0","1"
"387","0","0","0","0","0","0","0","0","0","0","0","0","0","0","0","0","0","0","0","0","0","0","0","0","0","0","0","0","0","0","0","0","0","0","0","0","0","0","0","0","0","0","0","0","0","0","0","0","0"
"386","0","1","1","1","1","1","0","1","0","1","1","1","0","0","0","1","0","0","1","1","1","1","1","1","0","0","1","1","1","1","1","1","1","0","1","1","0","1","0","1","1","1","1","0","0","1","1","0","1"
"385","0","1","1","1","1","1","1","1","0","1","1","0","0","0","0","1","0","0","1","1","1","1","1","0","0","0","1","1","1","1","1","1","1","0","1","1","1","1","0","1","1","1","1","0","0","0","1","1","1"
"388","0","1","1","0","1","1","1","1","0","1","1","1","1","0","1","1","1","0","1","1","1","1","1","0","0","1","1","1","1","1","1","1","1","1","1","1","1","1","0","1","0","1","1","0","1","0","1","1","1"
"389","0","1","1","1","1","1","1","1","0","1","1","1","0","0","0","1","0","0","1","1","1","1","1","1","0","0","1","1","1","1","1","1","1","0","1","1","1","1","0","1","1","1","1","0","0","1","1","1","1"
"390","0","0","0","0","1","0","0","1","0","0","0","1","0","0","0","0","0","0","0","0","0","1","0","0","0","0","0","0","0","1","1","0","0","0","0","0","0","1","0","0","0","1","1","0","0","0","0","1","0"
"391","0","0","0","0","1","0","0","1","0","0","0","0","0","0","0","0","0","0","1","0","0","1","0","0","0","0","0","0","0","0","0","0","0","0","1","0","0","0","0","1","0","0","0","0","0","0","0","1","0"
"392","0","1","1","0","1","1","1","1","0","0","1","1","0","0","0","1","0","0","1","0","1","1","1","1","0","0","1","1","1","1","1","0","1","0","1","1","1","1","0","1","1","1","0","0","0","0","0","1","1"
"393","0","1","1","1","1","1","1","1","0","1","1","1","1","0","1","1","1","0","1","1","1","1","1","1","0","1","1","1","1","1","1","1","1","1","1","1","1","1","0","1","1","1","1","0","1","1","1","1","1"
"394","0","1","1","1","1","0","0","1","0","1","1","0","0","0","0","1","0","0","1","1","1","1","1","1","0","0","1","0","1","1","1","1","1","0","1","1","1","0","0","1","1","1","0","0","0","0","0","1","1"
"399","0","1","1","0","1","1","1","1","0","1","1","1","0","0","0","1","0","0","1","1","1","1","1","1","0","0","1","1","1","1","1","1","0","0","1","1","1","1","0","1","1","1","1","0","0","0","1","1","1"
"404","0","0","0","0","1","0","0","1","0","0","0","0","0","0","0","0","0","0","1","0","0","1","0","0","0","0","0","0","0","0","0","0","0","0","1","0","0","0","0","1","0","0","0","0","0","1","0","1","0"
"395","0","1","0","1","1","1","0","1","0","1","1","1","0","0","0","0","0","1","1","1","1","1","1","1","0","0","1","0","1","1","1","1","1","0","1","1","1","1","0","1","1","1","1","1","0","1","0","1","1"
"396","0","0","0","0","0","0","0","0","0","0","0","0","0","0","0","0","0","0","0","0","0","1","0","0","0","0","0","0","0","0","0","0","0","0","0","0","0","0","0","0","0","0","0","0","0","0","0","0","0"
"405","0","1","1","1","1","1","1","1","0","1","1","1","1","0","1","1","1","0","1","1","1","1","1","1","0","1","1","1","1","1","1","1","1","1","1","1","1","1","0","1","1","1","1","0","1","1","1","1","1"
"406","0","1","1","1","1","1","1","1","0","0","1","1","1","0","1","1","1","0","1","1","1","1","1","1","0","0","1","1","1","1","1","1","1","1","1","1","1","1","0","1","1","1","1","0","1","0","1","1","1"
"400","0","0","0","0","0","0","0","0","0","0","0","0","0","0","0","0","0","0","0","0","0","1","0","0","0","0","0","0","0","0","0","0","0","0","0","0","0","0","0","0","0","0","0","0","0","0","0","0","0"
"428","0","0","0","0","1","0","0","1","0","0","0","0","0","0","0","0","0","0","1","0","0","1","0","0","0","0","0","0","0","0","0","0","0","0","1","0","0","0","0","1","1","0","0","0","0","0","0","0","1"
"402","0","0","0","0","0","0","0","0","0","0","0","0","0","0","0","0","0","0","0","0","0","0","0","0","0","0","0","0","0","0","0","0","0","0","0","0","0","0","0","0","0","0","0","0","0","0","0","0","0"
"397","0","0","0","0","1","0","0","1","0","0","0","0","0","0","0","0","0","0","1","0","1","1","0","0","0","0","0","0","1","1","0","0","0","0","1","0","0","0","0","1","0","0","0","0","0","0","0","1","0"
"414","0","1","1","1","1","1","1","1","0","1","1","1","1","0","1","1","1","0","1","1","1","1","1","1","0","1","1","0","1","1","1","1","1","1","1","1","1","1","0","1","1","1","1","1","0","1","0","1","1"
"401","0","0","0","0","1","0","0","1","0","1","0","0","0","0","0","0","0","0","1","0","1","1","0","0","0","0","0","0","1","1","0","0","0","0","1","0","0","0","0","1","0","0","0","0","0","0","0","1","0"
"419","0","1","1","0","1","1","1","1","0","1","1","1","1","0","1","1","1","0","1","1","1","1","1","1","0","0","1","0","1","1","1","1","1","1","1","1","1","1","0","1","1","1","1","0","0","0","1","1","1"
"409","0","1","0","0","1","0","0","1","0","1","0","0","0","0","0","1","0","0","1","0","1","1","0","0","0","0","0","0","0","1","0","0","1","0","1","1","1","0","0","1","0","0","0","0","0","0","0","1","1"
"431","0","1","1","0","1","1","1","1","0","0","1","1","0","0","0","1","0","0","1","0","1","1","1","1","0","0","0","1","1","1","1","1","1","0","1","1","1","1","0","1","1","1","1","0","0","1","1","1","1"
"418","0","0","0","1","1","1","0","1","0","0","1","0","0","0","0","0","0","0","1","0","0","1","1","1","1","0","0","0","0","0","1","1","1","0","1","0","1","0","0","0","1","0","0","0","0","1","0","0","0"
"408","0","1","1","1","1","1","1","1","0","1","1","0","0","0","0","1","0","0","1","1","0","1","1","1","0","0","0","0","1","1","1","1","1","0","1","1","1","1","0","1","1","1","1","0","0","1","0","1","1"
"410","0","0","0","0","1","0","0","1","0","0","0","0","0","0","0","0","0","0","0","0","1","1","0","0","0","0","0","0","1","1","0","0","0","0","1","0","0","0","0","1","0","0","0","0","0","0","0","1","0"
"423","0","0","0","0","1","0","0","1","0","0","0","0","0","0","0","0","0","0","0","0","0","1","0","0","0","0","0","0","0","1","0","0","0","0","1","0","0","0","0","0","0","1","0","0","0","0","0","1","1"
"403","0","0","0","1","0","1","1","1","0","0","1","1","0","0","0","0","0","0","1","1","0","1","0","0","0","0","1","0","0","0","1","1","0","0","1","0","1","0","0","1","1","1","1","0","0","1","0","0","1"
"412","0","1","1","1","1","1","1","1","0","1","1","1","1","0","1","1","1","0","1","1","1","1","1","1","0","0","1","1","1","1","1","1","1","0","1","1","1","1","0","1","1","1","1","0","1","1","1","1","1"
"417","0","1","1","1","1","1","0","1","0","1","1","1","1","0","1","1","1","0","1","0","1","1","1","1","0","0","1","0","1","1","1","1","1","0","1","1","1","1","1","1","1","1","1","0","0","1","0","1","1"
"407","0","0","0","0","1","0","0","1","0","0","0","0","0","0","0","1","0","0","1","0","0","1","1","0","0","0","0","0","1","1","0","0","0","1","1","1","0","0","0","1","0","1","0","0","0","0","0","1","0"
"416","0","0","0","0","1","0","0","1","0","0","0","0","0","0","0","1","0","0","1","1","1","1","1","0","0","0","0","0","0","1","0","1","0","0","1","0","0","0","0","1","0","1","0","0","0","0","0","1","1"
"413","1","1","1","1","1","0","0","1","0","1","1","0","0","0","0","1","0","0","1","0","1","1","0","0","0","0","1","0","1","1","1","1","0","1","1","1","1","0","0","1","1","1","0","0","0","0","0","1","1"
"411","0","1","1","0","1","0","0","1","0","0","0","0","0","0","0","1","0","0","1","0","0","1","0","0","0","0","0","0","1","1","0","0","0","0","1","0","0","0","0","1","0","1","0","0","0","0","0","1","1"
"415","0","1","1","1","1","1","0","1","0","1","1","0","1","0","1","1","0","0","1","1","1","1","1","1","0","1","1","1","1","1","1","1","1","0","1","1","1","1","0","1","1","1","1","0","0","1","1","1","1"
"422","0","1","1","1","1","1","0","1","0","1","1","0","0","0","1","1","1","0","1","1","1","1","1","1","0","1","1","0","1","1","1","1","1","1","1","1","1","0","0","1","1","1","1","0","1","1","0","1","1"
"434","0","0","0","0","0","0","0","1","0","0","0","0","0","0","0","0","0","0","0","1","0","0","1","0","0","0","0","0","0","0","0","0","0","1","0","0","0","0","0","0","1","0","1","0","0","1","0","0","0"
"420","0","1","1","0","1","0","1","1","0","0","0","0","0","0","0","1","0","0","1","1","1","1","1","0","0","0","1","0","1","1","0","0","1","0","1","1","0","0","0","1","0","1","0","0","0","0","0","1","1"
"424","0","0","0","0","1","0","0","1","0","0","0","0","0","0","0","1","0","0","1","0","1","1","0","0","0","0","0","0","0","0","0","0","0","0","1","0","0","0","0","1","0","1","0","0","0","0","0","1","0"
"421","0","1","1","1","1","1","1","1","0","1","1","1","1","0","1","1","1","0","1","1","1","1","1","1","0","1","1","1","1","1","1","1","1","1","1","1","1","1","0","1","1","1","1","0","1","1","1","1","1"
"427","0","0","1","0","1","0","0","1","0","1","0","0","0","0","0","1","0","0","1","0","0","1","0","0","0","0","0","0","1","1","0","0","0","0","1","0","0","0","0","1","0","1","0","0","0","0","0","1","1"
"429","0","0","1","1","1","1","0","1","0","0","1","0","0","0","0","1","0","0","1","0","0","1","1","1","0","0","1","0","0","1","1","1","0","0","1","0","1","0","0","1","1","1","0","0","0","1","0","1","0"
"435","0","1","1","0","1","1","1","1","0","1","1","1","1","0","1","1","1","0","1","1","1","1","1","1","0","0","1","0","1","1","1","1","1","1","1","1","1","1","0","1","1","1","1","0","0","0","1","1","1"
"437","0","0","1","0","1","1","1","1","0","0","1","1","1","0","1","1","1","0","1","1","1","1","1","1","0","0","1","1","1","1","1","1","1","0","1","1","1","1","0","1","1","1","1","0","0","0","0","1","1"
"438","0","1","1","1","1","1","0","1","0","1","1","0","1","0","1","1","1","0","1","1","1","1","1","1","0","1","1","0","1","1","1","1","1","1","1","1","1","0","0","1","1","1","0","0","1","1","0","1","1"
"439","0","1","1","1","1","1","1","1","0","1","1","1","1","0","1","1","1","0","1","1","1","1","1","1","0","1","1","1","1","1","1","1","1","1","1","1","1","1","0","1","1","1","1","0","1","1","1","1","1"
"440","0","1","1","1","1","1","1","1","0","1","1","1","1","0","1","1","1","0","1","1","1","1","1","1","0","0","1","1","1","1","1","1","1","1","1","1","1","1","0","1","1","1","1","0","1","1","1","1","1"
"442","0","1","0","1","1","1","0","1","0","0","1","0","0","0","0","1","0","0","1","0","1","1","1","1","0","0","0","0","1","1","1","1","0","0","1","1","1","1","0","1","1","1","1","0","0","0","0","1","1"
"443","0","0","0","0","1","0","0","1","0","0","0","0","0","0","0","0","1","0","0","0","1","1","1","0","0","0","0","0","1","1","1","0","0","0","1","1","0","1","0","1","0","1","1","0","0","0","0","1","1"
