"","Mon_Risk_50_500_R","Mon_Ambig_50_800_R","Mon_Risk_50_1200_R","Mon_Risk_25_2500_R","Mon_Ambig_50_2500_R","Mon_Ambig_74_500_B","Mon_Risk_25_800_B","Mon_Risk_75_800_B","Mon_Ambig_50_800_B","Mon_Risk_50_1200_B","Mon_Ambig_24_1200_B","Mon_Risk_25_2500_B","Mon_Ambig_100_2500_G","Mon_Risk_25_500_R","Mon_Risk_25_800_R","Mon_Risk_75_800_R","Mon_Ambig_100_800_G","Mon_Risk_75_1200_R","Mon_Ambig_24_1200_R","Mon_Ambig_100_2500_G.1","Mon_Ambig_100_500_G","Mon_Ambig_100_800_G.1","Mon_Ambig_74_1200_B","Mon_Risk_50_2500_B","Mon_Risk_75_2500_B","Mon_Risk_75_500_R","Mon_Ambig_24_800_R","Mon_Ambig_74_1200_R","Mon_Ambig_100_1200_G","Mon_Risk_75_2500_R","Mon_Ambig_50_500_B","Mon_Ambig_74_800_B","Mon_Ambig_100_1200_G.1","Mon_Ambig_24_2500_B","Mon_Ambig_50_2500_B","Mon_Ambig_74_2500_B","Mon_Ambig_24_500_R","Mon_Risk_50_800_R","Mon_Ambig_74_800_R","Mon_Risk_25_1200_R","Mon_Ambig_50_1200_R","Mon_Risk_50_2500_R","Mon_Ambig_24_2500_R","Mon_Ambig_74_2500_R","Mon_Risk_50_800_B","Mon_Ambig_24_800_B","Mon_Risk_25_1200_B","Mon_Risk_75_1200_B","Mon_Ambig_50_1200_B"
"1","0","0","0","0","0","0","0","1","0","0","0","0","0","0","0","1","0","1","0","0","0","0","0","0","1","0","0","0","0","1","0","0","0","0","0","0","0","0","0","0","0","1","1","0","0","0","0","1","0"
"2","0","0","0","0","0","0","0","1","0","0","0","0","0","0","0","1","0","1","0","0","0","0","0","0","0","0","0","0","0","0","0","0","0","0","0","0","0","0","0","0","0","1","0","0","0","0","0","0","0"
"3","0","0","0","0","0","0","0","0","0","0","0","0","0","0","0","0","0","0","0","0","0","0","0","0","0","0","0","0","0","0","0","0","1","0","0","0","0","0","0","0","0","0","0","0","0","0","0","0","0"
"4","0","1","1","1","1","0","1","1","1","1","1","1","1","0","1","1","1","1","1","1","0","1","1","1","1","0","1","1","1","1","0","1","1","1","1","1","0","1","1","1","1","1","1","1","1","1","1","1","1"
"5","0","0","0","0","0","0","0","1","0","0","0","0","0","0","0","1","0","1","0","0","0","0","0","0","1","0","0","0","0","1","0","0","0","0","0","0","0","0","0","0","0","0","0","0","0","0","0","0","0"
"6","1","0","0","1","0","0","1","1","0","1","0","1","1","1","0","0","1","1","1","0","1","1","0","0","0","0","0","1","0","0","0","0","1","1","1","1","0","1","1","0","0","0","1","0","0","1","0","1","1"
"7","0","0","1","0","1","0","0","0","0","0","0","0","1","0","0","0","0","1","0","1","0","0","0","1","1","0","0","0","0","1","0","0","0","1","1","1","0","0","0","0","0","1","1","1","0","0","0","1","0"
"8","0","0","0","0","0","0","0","1","0","0","0","0","0","0","0","0","0","1","0","0","0","0","0","0","1","0","0","0","0","1","0","0","0","0","0","0","0","0","0","0","0","0","0","0","0","0","0","1","0"
"9","0","0","1","0","0","0","0","1","0","0","0","0","0","0","0","1","0","1","0","0","0","0","0","0","1","0","0","0","0","1","0","0","0","0","0","0","0","0","0","0","0","0","0","0","0","0","0","1","0"
"10","0","0","0","0","0","0","0","0","0","0","0","0","0","0","0","0","0","0","0","0","0","0","0","0","0","0","0","0","0","0","0","0","0","0","0","0","0","0","0","0","0","0","0","0","0","0","0","0","0"
"11","0","0","0","0","0","0","0","0","0","0","0","0","0","0","0","0","0","1","0","0","0","0","0","1","1","0","0","0","0","1","0","0","0","0","0","0","0","0","0","0","0","1","0","0","0","0","0","1","0"
"12","0","1","1","0","1","0","0","1","1","1","1","0","1","0","0","1","1","1","1","1","0","1","1","1","1","0","1","1","1","1","0","0","1","1","1","1","0","0","0","0","1","1","1","1","0","0","0","1","1"
"13","0","1","1","0","1","0","0","0","0","0","0","0","0","0","0","0","0","1","1","1","0","0","0","0","1","0","0","1","1","1","0","0","0","0","0","0","0","0","1","1","1","1","1","0","0","0","0","0","0"
"14","0","1","0","0","0","0","0","0","0","0","0","0","0","0","0","0","0","0","0","0","0","0","0","0","0","0","0","0","0","0","0","0","0","0","0","0","0","0","0","0","0","0","0","0","0","0","0","0","0"
"16","0","0","0","0","1","0","0","0","0","1","1","0","0","0","0","0","0","1","0","0","0","0","0","0","1","0","0","0","0","1","0","0","0","1","1","1","0","0","0","0","0","1","1","0","0","0","0","1","1"
"18","1","1","1","1","1","0","0","0","0","0","1","0","0","0","0","0","0","1","1","0","0","0","1","1","1","1","1","1","0","1","0","1","0","1","0","0","1","1","1","1","1","1","1","1","0","1","0","1","1"
"19","0","0","0","0","0","0","0","0","0","0","0","0","0","0","0","0","0","1","0","0","0","0","0","1","1","0","0","0","0","1","0","0","0","1","0","0","0","0","0","0","0","1","1","0","0","0","0","1","0"
"20","0","0","0","1","0","0","0","0","0","0","0","0","0","0","0","1","0","1","0","0","0","0","0","0","1","0","0","0","0","1","0","0","0","0","0","0","0","0","0","0","0","1","0","0","0","0","0","1","0"
"21","0","0","0","0","1","0","0","0","0","0","0","0","0","0","0","0","0","1","1","1","0","0","0","1","1","0","0","0","0","1","0","0","0","1","1","1","0","0","0","0","1","1","1","1","0","0","0","1","1"
"22","0","0","0","0","0","0","0","0","0","0","0","0","0","0","0","0","0","0","0","0","0","0","0","0","0","0","0","0","0","0","0","0","0","0","0","0","0","0","0","0","0","0","0","0","0","0","0","0","0"
"23","0","0","1","0","1","0","0","1","0","1","0","0","0","0","0","0","0","1","1","0","0","0","0","1","1","0","0","0","0","1","0","0","0","1","1","0","0","0","0","0","1","1","1","1","0","0","0","1","0"
"24","0","0","1","0","1","0","0","1","0","0","0","0","1","0","0","1","1","1","1","1","0","0","0","1","1","0","0","0","1","1","0","0","1","1","1","1","0","0","0","0","1","1","1","1","1","0","0","1","1"
"25","0","0","1","1","1","0","0","1","0","1","1","1","1","0","1","1","0","1","1","1","0","0","1","1","1","0","0","1","1","1","0","0","1","1","1","1","0","0","0","0","1","1","1","1","0","0","0","1","1"
"26","0","0","1","1","1","0","0","1","0","1","1","1","0","0","0","1","0","1","1","1","0","0","0","1","1","0","0","0","0","1","0","0","0","1","1","1","0","0","0","0","1","1","1","1","0","0","0","1","1"
"27","0","0","0","0","1","0","0","1","0","0","0","0","1","0","0","1","0","1","0","1","0","0","0","1","1","0","0","0","0","1","0","0","0","1","1","1","0","0","0","1","0","1","1","1","0","0","0","1","0"
"28","0","0","0","0","1","0","0","0","0","1","1","0","1","0","0","0","0","1","1","1","0","0","1","1","1","0","0","1","1","1","0","0","0","1","1","1","0","0","0","0","1","1","1","1","0","0","0","1","1"
"29","0","0","0","0","0","0","0","1","0","0","0","0","0","0","0","1","0","0","1","1","0","0","0","0","1","0","0","0","0","1","0","0","0","1","1","1","0","0","0","0","1","1","0","0","0","0","0","1","0"
"30","0","0","0","0","0","0","0","1","0","0","0","0","0","0","0","1","0","1","0","0","0","0","0","0","1","1","0","0","0","1","0","0","0","0","0","0","0","0","0","0","0","0","0","0","0","0","0","1","0"
"31","0","0","0","0","0","0","0","1","0","0","1","0","0","0","0","1","0","1","0","0","0","0","0","0","1","0","0","0","0","1","0","0","0","1","0","0","0","0","0","0","0","0","0","0","0","0","0","1","0"
"32","0","0","1","0","1","0","0","1","0","1","0","0","1","0","0","1","0","1","0","0","0","0","1","1","1","0","0","0","0","1","0","0","0","1","1","1","0","0","0","0","1","1","1","1","0","0","0","0","0"
"33","0","0","0","0","0","0","0","0","0","0","0","0","0","0","0","0","0","0","0","0","0","0","0","0","0","0","0","0","0","0","0","0","0","0","0","0","0","0","0","0","0","0","0","0","0","0","0","0","0"
"34","0","0","0","0","1","0","0","1","0","0","0","0","0","0","0","1","0","1","0","0","0","0","0","1","1","0","0","0","0","1","0","0","0","0","0","0","0","0","0","0","0","1","0","1","0","0","0","1","0"
"35","0","0","0","0","0","0","0","1","0","0","0","0","1","0","0","0","0","1","0","1","0","0","0","1","1","0","0","0","0","1","1","1","1","1","1","1","0","0","0","0","0","1","1","1","1","0","0","1","1"
"36","0","0","0","0","0","0","0","0","0","0","0","0","0","0","0","0","0","1","0","0","0","0","0","0","1","0","0","0","0","1","0","0","0","0","0","0","0","0","0","0","0","0","0","0","0","0","0","0","0"
"37","0","0","0","0","0","0","0","1","0","0","0","0","0","0","0","1","0","1","0","0","0","0","0","0","1","0","0","0","0","1","0","0","0","0","0","0","0","0","0","0","0","0","0","0","0","0","0","1","0"
"38","0","0","0","0","0","0","0","1","0","0","0","0","0","0","0","0","0","1","0","0","0","0","0","1","1","0","0","0","0","1","0","0","0","0","0","0","0","0","0","0","0","1","0","0","0","0","0","1","0"
"39","0","0","1","0","0","0","0","1","0","1","0","0","0","0","0","0","0","1","0","0","0","0","0","1","1","0","0","0","0","1","0","0","0","0","0","0","0","1","0","0","0","1","0","0","0","0","0","1","0"
"40","0","0","0","0","0","0","0","1","0","0","0","0","0","0","0","1","0","1","0","0","0","0","0","0","0","0","0","0","0","1","0","0","0","0","0","0","0","0","0","0","0","0","0","0","0","0","0","1","0"
"41","0","0","1","0","0","0","1","1","0","1","1","1","0","0","0","1","0","1","1","0","0","0","0","1","1","0","1","0","0","0","0","0","0","1","1","0","1","0","0","0","1","1","0","1","1","1","0","1","0"
"42","0","0","1","0","0","0","0","0","0","1","0","0","0","0","0","0","0","1","0","0","0","0","0","1","1","0","0","0","0","1","0","0","0","0","0","0","0","0","0","0","0","1","0","0","0","0","0","1","0"
"43","0","0","0","0","0","0","0","0","0","0","0","0","0","0","0","0","0","1","0","0","0","0","0","0","1","0","0","0","0","1","0","0","0","0","0","0","0","0","0","0","0","0","0","0","0","0","0","1","0"
"44","0","0","1","0","1","0","0","0","0","0","1","0","1","0","0","0","0","1","1","1","0","0","1","1","1","0","0","1","1","1","0","0","0","1","1","1","0","0","0","0","1","1","1","1","0","0","0","1","1"
"45","0","0","0","0","0","0","0","1","0","0","0","0","0","0","0","1","0","1","0","0","0","0","0","0","1","0","0","0","0","1","0","0","0","0","0","0","0","0","0","0","0","1","0","0","0","0","0","1","0"
"46","0","0","0","1","0","0","0","1","0","0","0","0","0","0","0","1","0","1","0","0","0","0","0","0","1","0","0","0","0","1","0","0","0","0","0","0","0","0","0","1","0","0","0","0","0","0","0","1","0"
"47","0","0","0","0","0","0","0","0","0","0","0","0","0","0","0","0","0","0","0","0","0","0","0","0","0","0","0","0","0","0","0","0","0","0","0","0","0","0","0","0","0","0","0","0","0","0","0","0","0"
"48","0","0","0","0","0","0","0","0","0","0","0","0","0","0","0","0","0","1","0","0","0","0","0","0","1","0","0","0","0","1","0","0","0","0","0","0","0","0","0","0","0","0","0","0","0","0","0","1","0"
"49","0","0","0","1","1","0","0","0","0","1","1","1","1","0","0","0","0","1","1","1","0","0","0","1","1","0","0","0","0","1","0","0","0","1","1","1","0","0","0","0","1","1","1","1","0","0","0","1","0"
"50","0","0","0","0","0","0","0","0","0","0","0","0","0","0","0","0","0","0","0","0","0","0","0","0","0","0","0","0","0","0","0","0","0","0","0","0","0","0","0","0","0","0","0","0","0","0","0","0","0"
"51","0","0","0","1","1","0","0","0","0","1","0","1","1","0","0","0","0","1","1","1","0","0","0","1","1","0","0","0","1","1","0","0","1","1","1","1","0","0","0","0","0","1","1","0","0","0","0","1","0"
"52","0","0","1","0","0","0","0","1","1","1","1","0","0","0","0","1","0","1","1","0","0","0","0","1","1","0","1","0","0","1","0","0","0","1","1","1","0","1","0","0","1","1","1","1","0","1","1","1","1"
"53","0","0","0","0","0","0","0","0","0","0","0","0","0","0","0","1","0","0","0","0","0","0","0","0","1","0","0","0","0","0","0","0","0","0","0","0","0","0","0","0","0","0","0","0","0","0","0","0","0"
"54","0","0","0","0","0","0","0","0","0","0","0","0","0","0","0","0","0","0","0","0","0","0","0","0","0","0","0","0","0","0","0","0","0","0","0","0","0","0","0","0","0","0","0","0","0","0","0","0","0"
"55","0","0","1","0","0","0","0","1","0","0","0","0","0","0","0","0","0","1","0","0","0","0","0","1","1","0","0","0","0","1","0","0","0","1","0","0","0","0","0","0","0","1","1","0","0","0","0","1","0"
"56","0","0","0","0","0","0","0","0","0","0","0","0","0","0","0","0","0","1","0","0","0","0","0","1","1","0","0","0","0","1","0","0","0","0","0","0","0","0","0","0","0","1","0","0","0","0","0","1","0"
"57","0","0","0","0","0","0","0","0","0","0","1","0","0","0","0","0","0","1","0","0","0","0","0","1","1","0","0","0","0","1","0","0","0","0","0","1","0","0","0","0","0","1","1","0","0","0","0","0","0"
"58","0","0","0","0","0","0","0","0","0","0","0","0","0","0","0","0","0","0","0","0","0","0","0","0","0","0","0","0","0","0","0","0","0","0","0","0","0","0","0","0","0","0","0","0","0","0","0","0","0"
"59","0","0","0","0","0","0","0","1","0","0","0","0","0","0","0","0","0","1","0","0","0","0","0","0","1","0","0","0","0","1","0","0","0","0","0","0","0","0","0","0","0","1","0","0","0","0","0","1","0"
"60","0","0","0","0","1","0","0","0","0","0","0","0","1","0","0","0","0","1","0","0","0","0","0","1","1","0","0","0","0","1","0","0","0","1","1","0","0","0","0","1","0","1","1","0","0","0","0","1","0"
"61","0","0","0","0","0","0","0","0","0","0","0","0","0","0","0","0","0","1","0","0","0","0","0","0","1","0","0","0","0","1","0","0","0","0","0","0","0","0","0","0","0","0","0","0","0","0","0","1","0"
"62","0","0","1","0","1","0","0","1","0","0","1","0","0","0","0","0","0","0","0","0","0","0","0","1","1","0","0","0","0","1","0","0","0","1","1","0","0","0","0","0","0","1","1","0","0","0","0","1","0"
"63","0","0","0","0","1","0","0","0","0","0","0","0","0","0","0","0","0","1","0","0","0","0","0","1","1","0","0","0","0","1","0","0","0","1","1","0","0","0","0","0","0","1","1","0","0","0","0","1","0"
"64","0","0","1","1","1","0","0","1","0","1","1","0","1","0","0","0","0","0","0","1","0","0","1","1","1","0","0","0","0","1","0","0","1","1","1","0","0","0","0","0","1","1","1","1","0","0","0","1","0"
"65","0","0","0","0","0","0","0","0","0","0","0","0","0","0","0","1","0","1","0","0","0","0","0","0","1","0","0","0","0","1","0","0","0","0","0","0","0","0","0","0","0","0","0","0","0","0","0","1","0"
"66","0","0","0","0","0","0","0","1","0","0","0","0","0","0","0","1","0","1","0","0","0","0","0","0","1","0","0","0","0","1","0","0","0","0","0","0","0","0","0","0","0","0","0","0","0","0","0","1","0"
"67","0","0","1","1","1","0","0","1","0","1","0","1","1","0","0","1","0","1","1","1","0","0","1","1","1","0","0","1","1","1","0","0","1","1","1","1","0","0","0","0","1","1","1","1","0","0","0","1","1"
"68","0","0","0","0","0","0","0","0","0","0","0","0","0","0","0","0","0","0","0","0","0","0","0","0","0","0","0","0","0","0","0","0","0","0","0","0","0","0","0","0","0","0","0","0","0","0","0","0","0"
"69","0","0","0","0","1","0","0","1","0","1","0","0","0","0","0","1","0","1","0","0","0","0","0","1","1","0","0","0","0","1","0","0","0","1","0","0","0","0","0","0","0","1","1","0","0","0","0","1","0"
"70","0","0","1","0","1","0","0","0","0","1","1","0","1","0","0","0","0","1","1","1","0","0","0","1","1","0","0","0","0","1","0","0","0","1","1","1","0","0","0","0","0","1","1","1","0","0","0","1","0"
"71","0","0","1","0","1","0","0","1","0","1","1","0","1","0","0","1","0","1","1","1","0","0","1","1","1","0","0","0","1","1","0","0","0","1","1","0","0","0","0","0","1","1","1","1","0","0","1","1","1"
"72","0","0","0","0","0","0","0","1","0","0","0","0","0","0","0","1","0","1","0","0","0","0","0","0","1","0","0","0","0","1","0","0","0","0","0","0","0","0","0","0","0","0","0","0","0","0","0","1","0"
"74","0","0","1","1","1","0","0","1","0","1","1","1","1","0","0","1","0","1","1","1","0","0","0","1","1","0","0","0","0","1","0","0","0","1","1","1","0","0","0","0","0","1","1","0","0","0","0","1","1"
"75","0","0","0","0","1","0","0","0","0","0","0","0","0","0","0","0","0","1","0","0","0","0","0","1","1","0","0","0","0","1","0","0","0","1","1","0","0","0","0","0","0","1","1","0","0","0","0","1","0"
"76","0","0","0","0","0","0","0","1","0","0","0","0","0","0","0","0","0","1","0","0","0","0","0","1","1","0","0","0","0","1","0","0","0","0","0","0","0","0","0","0","0","0","0","0","0","0","0","1","0"
"77","0","0","1","1","1","0","0","1","0","1","1","1","0","0","0","1","0","1","1","0","0","0","0","1","1","0","0","0","0","1","0","0","0","1","1","0","0","0","0","0","1","1","1","1","0","0","0","1","1"
"78","0","0","0","0","0","0","0","1","0","0","0","0","0","0","0","1","0","0","0","0","0","0","0","0","1","0","0","0","0","0","0","0","0","0","0","0","0","0","0","0","0","0","0","0","0","0","0","1","0"
"79","0","0","0","0","0","0","0","1","0","0","0","0","0","0","0","1","0","1","0","0","0","0","0","0","1","0","0","0","0","1","0","0","0","0","0","0","0","0","0","0","0","0","0","0","0","0","0","1","0"
"80","0","0","0","0","1","0","0","0","0","0","0","1","0","0","0","0","0","1","1","1","0","0","1","1","1","0","0","1","0","1","0","0","0","1","1","1","0","0","0","0","0","0","1","1","0","0","0","1","0"
"81","0","1","1","1","1","0","1","1","1","1","1","1","1","0","1","1","1","1","1","1","0","1","1","1","1","0","1","1","1","1","0","1","1","1","1","1","0","1","1","1","1","1","1","1","1","1","1","1","1"
"82","0","0","0","0","0","0","0","0","0","0","0","0","0","0","0","0","0","1","0","0","0","0","0","1","1","0","0","0","0","1","0","0","0","0","0","0","0","0","0","0","0","0","0","0","0","0","0","0","0"
"83","0","0","0","0","1","0","0","0","0","0","0","0","1","0","0","0","0","1","0","1","0","0","0","0","1","0","0","0","0","1","0","0","0","0","0","0","0","0","0","0","0","0","0","1","0","0","1","1","0"
"84","0","0","0","0","1","1","0","1","1","0","0","0","0","0","0","1","0","1","0","0","0","0","1","0","0","0","0","1","0","1","0","0","0","0","0","1","0","0","1","0","1","0","0","1","0","0","0","1","1"
"85","0","0","1","1","1","0","0","1","0","1","1","0","1","0","0","1","0","1","1","1","0","0","1","1","1","0","0","1","1","1","0","0","1","1","1","1","0","0","0","0","1","1","1","1","0","0","0","1","1"
"86","0","0","0","1","1","0","0","0","0","0","0","1","0","0","0","0","0","1","0","0","0","0","0","1","1","0","0","0","0","1","0","0","0","1","1","0","0","0","0","0","0","1","1","0","0","0","0","1","0"
"87","0","0","1","0","1","0","0","1","0","1","0","1","0","0","0","1","0","1","1","0","0","0","0","1","1","0","0","0","0","1","0","0","0","1","0","0","0","0","0","0","1","1","1","0","0","0","0","1","0"
"88","1","0","0","0","0","0","0","1","0","0","0","0","0","1","1","1","0","1","1","0","0","0","1","1","1","0","0","1","0","0","0","1","0","0","0","1","1","1","1","1","1","1","1","1","0","0","1","0","1"
"89","0","0","0","0","0","0","0","0","0","0","0","0","0","0","0","0","0","0","0","0","0","0","0","0","0","0","0","0","0","0","0","0","0","0","0","0","0","0","0","0","0","0","0","0","0","0","0","0","0"
"90","0","0","0","0","1","0","0","0","0","0","0","0","0","0","0","0","0","1","0","0","0","0","0","1","1","0","0","0","0","1","0","0","0","0","0","0","0","0","0","0","0","1","0","0","0","0","0","1","0"
"91","0","0","0","0","0","0","0","1","0","0","0","0","0","0","0","1","0","1","0","0","0","0","0","0","1","0","0","0","0","1","0","0","0","0","0","0","0","0","0","0","0","0","0","0","0","0","0","1","0"
"92","0","0","1","0","1","0","0","1","0","1","1","1","1","0","0","1","0","1","1","1","0","0","0","1","1","0","0","0","0","1","0","0","1","1","1","1","0","1","0","0","1","1","1","1","0","0","0","1","1"
"93","0","0","0","0","0","0","0","0","0","0","0","0","0","0","0","0","0","0","0","0","0","0","0","1","1","0","0","0","0","1","0","0","0","0","0","0","0","0","0","0","0","1","0","0","0","0","0","1","0"
"94","0","1","1","0","1","0","0","0","0","1","1","1","1","0","0","1","0","1","1","1","0","0","0","0","1","0","0","1","0","1","0","0","0","1","1","1","0","0","1","0","1","1","1","1","0","1","0","1","0"
"95","0","0","0","0","0","0","0","1","0","0","0","0","0","0","0","0","0","0","0","0","0","0","0","0","0","0","0","0","0","1","0","0","0","0","0","0","0","0","0","0","0","0","0","0","0","0","0","1","0"
"96","0","0","1","0","0","0","0","1","0","1","1","0","0","0","0","1","0","1","1","0","0","0","0","1","1","0","0","0","0","1","0","0","0","0","0","0","0","0","0","0","0","1","1","0","0","0","0","1","1"
"97","0","0","0","1","1","0","0","1","0","1","0","1","1","0","0","0","0","1","0","0","0","0","0","1","1","0","0","1","0","1","0","0","0","0","1","1","0","0","0","0","0","1","0","1","0","0","0","1","0"
"98","0","0","0","0","0","0","0","0","0","0","0","0","0","0","0","0","0","1","0","0","0","0","0","0","1","0","0","0","0","1","0","0","0","0","0","0","0","0","0","0","0","0","0","0","0","0","0","1","0"
"99","0","0","0","0","0","0","0","0","0","0","0","0","0","0","0","0","0","0","0","0","0","0","0","0","0","0","0","0","0","0","0","0","0","0","0","0","0","0","0","0","0","0","0","0","0","0","0","0","0"
"100","0","0","0","0","0","0","0","0","0","0","0","0","0","0","0","0","0","1","0","0","0","0","0","1","1","0","0","0","0","1","0","0","0","0","0","0","0","0","0","0","0","0","0","0","0","0","0","1","0"
"101","0","0","1","0","0","0","0","0","0","1","0","0","0","0","0","1","0","1","0","0","0","0","0","1","1","0","0","0","0","1","0","0","0","0","0","0","0","0","0","0","0","1","0","0","0","0","0","1","0"
"102","0","0","0","0","1","0","0","0","0","0","0","0","0","0","0","0","0","0","0","0","0","1","0","1","1","0","0","0","0","1","0","0","0","1","1","1","0","0","0","0","0","1","1","1","0","0","0","0","0"
"103","0","0","0","0","1","0","1","0","0","0","1","0","0","0","0","0","0","1","0","0","0","0","0","0","1","0","0","1","0","1","0","1","0","1","1","1","0","0","0","0","0","0","1","1","0","0","0","1","1"
"104","0","0","0","0","0","0","0","1","0","0","0","0","0","0","0","1","0","1","0","0","0","0","0","0","1","0","0","0","0","1","0","0","0","0","0","0","0","0","0","0","0","0","0","0","0","0","0","1","0"
"105","0","0","1","0","1","0","0","1","0","1","1","0","0","0","0","0","0","1","0","0","0","0","0","1","1","0","0","0","0","1","0","0","0","1","1","0","0","0","0","0","1","1","1","1","0","0","0","1","0"
"106","0","0","1","1","0","0","1","1","0","1","0","0","0","0","0","0","0","0","0","0","0","0","0","1","0","0","0","0","0","0","0","0","0","0","0","0","0","0","0","0","0","0","0","0","0","0","0","0","1"
"107","0","0","0","0","0","0","0","0","0","0","0","0","0","0","0","0","0","0","0","0","0","0","0","0","1","0","0","0","0","1","0","0","0","0","0","0","0","0","0","0","0","0","0","0","0","0","0","0","0"
"108","0","0","0","0","1","0","0","1","0","0","0","0","0","0","0","0","0","1","0","0","0","0","0","1","1","0","0","0","0","1","0","0","0","1","1","1","0","0","0","0","0","1","1","1","0","0","0","1","0"
"109","0","0","0","0","0","0","0","0","0","0","0","0","0","0","0","0","0","0","0","0","0","0","0","0","1","0","0","0","0","1","0","0","0","0","0","0","0","0","0","0","0","1","1","1","0","0","0","1","0"
"110","1","1","1","0","1","0","0","1","0","1","1","0","1","0","0","1","0","1","1","1","0","0","0","1","1","0","1","1","0","1","0","0","0","1","1","1","0","0","1","0","1","1","1","1","0","0","0","1","1"
"111","0","0","0","0","0","0","0","0","0","1","0","0","0","0","0","0","1","1","0","1","0","0","0","0","0","0","0","0","0","1","0","0","0","1","0","0","0","0","0","0","0","1","0","0","0","0","0","1","0"
"112","0","0","0","0","0","0","0","0","0","0","0","0","0","0","0","0","0","0","0","0","0","0","0","0","1","0","0","0","0","1","0","0","0","0","0","0","0","0","0","0","0","0","0","0","0","0","0","0","0"
"113","0","0","1","0","1","0","0","1","0","1","1","0","0","0","0","1","0","1","1","0","0","0","0","1","1","0","0","1","0","1","0","0","0","1","1","1","0","0","0","1","0","1","1","1","0","0","0","1","0"
"114","0","0","0","0","0","0","0","0","0","0","0","0","0","0","0","1","0","1","0","0","0","0","0","0","0","0","0","0","0","0","0","0","0","0","0","0","0","0","0","0","0","0","0","0","0","0","0","1","0"
"115","0","0","0","0","0","0","0","1","0","0","0","0","0","0","0","0","0","1","0","0","0","0","0","0","1","0","0","0","0","1","0","0","0","0","0","0","0","0","0","0","0","0","0","0","0","0","0","0","0"
"116","0","0","0","0","0","0","0","0","0","0","0","1","0","0","0","0","0","1","0","0","0","0","0","0","1","0","0","0","0","1","0","0","0","0","0","0","0","0","0","0","0","0","0","0","0","0","0","1","0"
"117","0","0","0","0","0","0","0","0","0","0","0","0","0","0","0","0","0","1","0","0","0","0","0","0","1","0","0","0","0","1","0","0","0","0","0","0","0","0","0","0","0","0","0","0","0","0","0","1","0"
"119","0","0","0","0","0","0","0","0","0","0","0","0","0","0","0","1","0","0","0","0","0","0","0","0","1","0","0","0","0","1","0","0","0","0","0","0","0","0","0","0","0","0","0","0","0","0","0","1","0"
"120","0","0","0","0","0","0","0","0","0","0","0","0","0","0","0","0","0","0","0","0","0","0","0","1","1","0","0","0","0","1","0","0","0","0","0","0","0","0","0","0","0","1","0","0","0","0","0","0","0"
"121","0","0","1","0","1","0","0","0","0","1","1","0","0","0","0","0","0","1","1","0","0","0","1","1","1","0","0","1","0","1","0","0","0","1","1","1","0","0","0","0","1","1","1","1","0","0","0","1","1"
"122","0","0","0","0","0","0","0","1","0","0","0","0","0","0","0","1","0","1","0","0","0","0","0","0","1","0","0","0","0","1","0","0","0","0","0","0","0","0","0","0","0","0","0","0","0","0","0","1","0"
"124","0","0","0","0","0","0","0","1","0","0","0","0","0","0","0","1","0","1","0","0","0","0","0","0","1","0","0","0","0","1","0","0","0","0","0","0","0","0","0","0","0","0","0","0","0","0","0","0","0"
"126","0","0","0","0","1","0","0","1","0","1","0","1","0","0","0","1","0","1","1","0","0","0","0","1","1","0","0","0","0","1","0","0","0","1","1","0","0","0","0","0","0","1","1","0","0","0","0","1","0"
"127","0","1","1","0","0","0","0","0","0","0","0","0","0","0","0","0","0","0","0","0","0","0","0","0","0","0","0","0","0","0","0","0","0","0","0","0","0","0","0","0","0","0","0","0","0","0","0","0","0"
"128","0","0","0","0","0","0","0","1","0","0","0","0","0","0","0","1","0","1","0","0","0","0","0","0","1","0","0","1","0","1","0","0","0","1","1","0","0","0","0","0","0","0","0","0","0","0","0","1","0"
"129","0","0","0","0","0","0","0","0","0","0","0","0","0","0","0","0","0","0","0","0","0","0","0","0","0","0","0","0","0","0","0","0","0","0","0","0","0","0","0","0","0","0","0","0","0","0","0","0","0"
"130","0","0","0","0","0","0","0","0","0","0","0","0","0","0","0","0","0","1","0","0","0","0","0","0","1","0","0","0","0","1","0","0","0","0","0","0","0","0","0","0","0","0","0","0","0","0","0","1","0"
"131","0","0","0","0","0","0","0","0","0","0","0","0","0","0","0","0","0","1","0","0","0","0","0","0","1","0","0","0","0","1","0","0","0","1","0","0","0","0","0","0","0","1","0","0","0","0","0","1","0"
"132","0","0","1","0","1","0","0","0","0","0","1","0","0","0","0","0","0","1","1","1","0","0","0","0","1","0","0","0","1","1","0","0","0","1","0","1","0","0","0","0","0","1","1","1","0","0","0","1","0"
"133","0","0","0","0","0","0","0","0","0","0","0","0","0","0","0","1","0","1","1","0","0","0","0","1","1","0","0","0","0","0","0","0","0","0","0","0","0","0","0","0","0","0","0","0","0","0","0","0","0"
"134","0","0","0","0","0","0","0","0","0","0","0","0","0","0","0","0","0","0","0","0","0","0","0","0","0","0","0","0","1","0","0","0","0","0","0","0","0","0","0","0","0","0","0","0","0","0","0","0","0"
"135","0","0","0","0","1","0","0","1","0","1","1","0","1","0","0","1","0","1","1","1","0","0","1","1","1","0","0","1","1","1","0","0","1","1","1","1","0","0","0","0","1","1","1","1","0","0","0","1","1"
"136","0","0","0","0","0","0","0","0","0","0","0","0","0","0","0","0","0","0","0","0","0","0","0","0","0","0","0","0","0","0","0","0","0","0","0","0","0","0","0","0","0","0","0","0","0","0","0","0","0"
"137","0","0","0","0","0","0","0","1","0","0","0","0","1","0","0","1","0","1","0","0","0","0","0","0","0","1","0","0","0","1","0","0","0","0","0","0","0","0","0","0","0","0","0","0","0","0","0","0","0"
"138","0","0","0","0","1","0","0","0","0","0","0","0","1","0","0","0","0","1","0","0","0","0","0","1","1","0","0","0","0","1","0","0","0","1","1","1","0","0","0","0","0","0","1","1","0","0","0","1","0"
"139","0","0","0","1","1","0","0","0","0","0","0","0","0","0","0","1","0","0","0","0","0","0","0","0","1","0","0","0","0","1","0","0","0","1","1","0","0","0","0","0","0","1","1","0","0","0","0","1","0"
"140","0","0","1","0","0","0","0","1","0","1","1","0","0","0","0","1","0","1","1","0","0","0","0","1","1","0","0","0","0","1","0","0","0","1","0","0","0","1","0","0","0","1","1","0","1","0","0","1","0"
"141","0","0","0","0","0","0","0","0","0","0","0","0","0","0","0","0","0","0","0","0","0","0","0","0","0","0","1","0","0","0","0","0","0","0","0","0","0","0","0","0","0","0","0","0","0","0","0","0","0"
"142","0","0","0","0","0","0","0","0","0","1","0","0","0","0","0","0","0","1","0","0","0","0","0","0","1","0","0","0","0","1","0","0","0","1","0","0","0","0","0","0","0","1","1","0","0","0","0","0","0"
"143","0","0","1","0","1","0","0","1","0","1","1","0","0","0","0","1","0","1","1","0","0","0","0","1","1","0","0","0","0","1","0","0","0","1","0","0","0","0","0","0","0","1","1","0","0","0","0","1","0"
"144","0","0","1","0","0","0","0","0","0","1","1","0","1","0","0","1","0","1","1","1","0","0","0","0","1","0","0","0","1","1","0","0","1","1","1","0","0","0","0","0","0","1","1","0","0","0","0","1","0"
"145","0","0","0","0","0","0","0","0","0","0","0","0","0","0","0","0","0","1","0","0","0","0","0","0","1","0","0","0","0","1","0","0","0","0","0","0","0","0","0","0","0","0","0","0","0","0","0","1","0"
"146","0","0","0","0","0","0","0","0","0","0","0","0","0","0","0","0","0","0","0","0","0","0","0","0","1","0","0","0","0","1","0","0","0","0","0","0","0","0","0","0","0","0","0","0","0","0","0","1","0"
"147","0","0","0","0","0","0","0","1","0","0","0","0","1","0","0","0","0","1","0","0","0","0","0","0","1","0","0","0","0","1","0","0","0","0","0","0","0","0","0","0","0","0","0","0","0","0","0","1","0"
"148","0","0","1","0","0","0","0","1","0","0","1","0","0","0","0","1","0","1","1","0","0","0","1","0","1","0","0","0","0","1","0","0","0","1","1","0","0","0","0","0","0","0","0","0","0","0","0","1","1"
"149","0","0","0","0","1","0","0","0","0","0","0","0","0","0","1","0","0","0","0","0","0","0","1","0","1","0","0","0","0","1","0","0","0","0","0","0","0","0","0","1","0","0","0","1","0","0","0","1","0"
"150","0","0","0","0","0","0","0","0","0","1","0","0","0","0","0","0","0","0","0","0","0","0","0","1","1","0","0","0","0","1","0","0","0","0","0","0","0","0","0","0","0","1","0","0","1","0","0","1","0"
"151","0","0","1","0","0","0","0","1","0","1","0","0","0","0","0","1","0","1","0","0","0","0","0","1","1","0","0","0","0","1","0","0","0","1","1","0","0","0","0","0","1","1","0","0","0","0","0","1","1"
"152","0","0","0","0","0","0","0","0","0","0","0","0","0","0","0","0","0","1","0","0","0","0","0","0","1","0","0","0","0","1","0","0","0","0","0","0","0","0","0","0","0","0","0","0","0","0","0","1","0"
"153","0","0","1","0","1","0","0","1","0","1","1","0","0","0","0","1","0","1","1","1","0","0","0","1","1","0","0","1","0","1","0","0","0","0","1","1","0","0","0","0","1","1","1","0","0","0","0","1","1"
"154","0","0","0","0","0","0","0","0","0","0","0","0","0","0","0","0","0","0","0","0","0","0","0","0","0","0","0","0","0","0","0","0","0","0","0","0","0","1","0","0","1","1","0","0","1","0","0","1","0"
"155","0","0","1","1","1","0","0","1","0","1","1","1","1","0","0","1","0","1","1","1","0","0","1","1","1","0","0","1","1","1","0","0","1","1","1","1","0","0","0","0","1","1","1","1","0","0","0","1","1"
"156","0","0","0","0","1","0","0","0","0","0","0","0","1","0","0","0","0","1","1","1","0","0","0","0","1","0","0","0","0","1","0","0","0","1","1","0","0","0","0","0","0","1","1","0","0","0","0","1","0"
"157","0","0","0","0","1","0","0","0","0","0","0","0","0","0","0","0","0","0","0","0","0","0","0","1","1","0","0","0","0","1","0","0","0","1","0","0","0","0","0","0","0","1","1","0","0","0","0","1","0"
"158","0","0","1","0","0","0","0","1","0","1","1","0","1","0","0","0","0","1","1","0","0","0","1","1","1","1","0","1","0","1","0","1","0","1","1","1","0","1","0","0","1","1","1","1","0","0","0","1","1"
"159","0","1","1","0","1","1","0","0","1","0","1","0","0","0","0","1","0","0","1","0","0","0","1","1","0","1","1","0","0","1","0","1","0","1","1","1","1","1","0","1","0","1","1","0","1","1","0","0","1"
"160","0","0","0","0","0","0","0","0","0","0","1","0","0","0","0","0","0","1","1","0","0","0","0","1","1","0","0","0","0","1","0","0","0","1","1","0","0","0","0","0","0","1","1","0","0","0","0","1","0"
"162","0","0","0","0","1","0","0","1","0","0","0","0","0","0","0","1","0","1","1","0","0","0","0","1","1","0","0","0","0","1","0","0","0","1","1","1","0","0","0","0","0","1","1","1","0","0","0","1","0"
"163","0","0","0","0","0","0","0","0","0","0","0","0","0","0","0","0","0","0","0","0","0","0","0","0","0","0","0","0","0","1","0","0","0","0","0","0","0","0","0","0","0","0","0","0","0","0","0","0","0"
"164","0","0","0","0","0","0","0","0","0","0","0","0","0","0","0","0","0","0","0","0","0","0","0","0","0","0","0","0","0","0","0","0","0","0","0","0","0","0","0","0","0","0","0","0","0","0","0","0","0"
"165","0","0","1","0","0","0","0","0","0","1","0","0","0","0","0","0","0","1","0","0","0","0","0","1","1","0","0","0","0","1","0","0","0","1","0","0","0","0","0","0","0","1","1","0","0","0","0","1","0"
"166","0","0","0","0","1","0","0","1","0","0","1","0","0","0","0","1","0","1","1","0","0","0","1","1","1","0","1","0","0","1","0","0","0","1","0","0","0","0","0","0","0","0","1","0","0","0","0","1","0"
"167","0","0","0","0","0","0","0","0","0","0","0","0","0","0","0","0","0","0","0","0","0","0","0","0","0","0","0","0","0","0","0","0","0","0","0","0","0","0","0","0","0","0","0","0","0","0","0","0","0"
"168","0","0","1","0","0","0","0","1","0","1","1","0","0","0","0","1","0","1","1","0","0","0","0","1","1","0","1","0","0","1","0","0","0","1","0","0","0","0","0","0","1","1","1","0","1","1","0","1","1"
"169","0","0","0","0","1","0","0","0","0","0","0","0","0","0","0","0","0","1","0","0","0","0","0","1","1","0","0","0","0","1","0","0","0","1","1","0","0","0","0","0","0","1","1","0","0","0","0","1","0"
"170","0","0","0","0","0","0","0","0","0","0","0","0","0","0","0","0","0","1","0","0","0","0","0","0","1","0","0","0","0","1","0","0","0","0","0","0","0","0","0","0","0","0","0","0","0","0","0","1","0"
"171","0","0","1","0","0","0","0","1","0","0","0","0","0","0","0","1","0","1","0","0","0","0","0","0","1","0","0","0","0","1","0","0","0","0","0","0","0","0","0","0","0","1","0","0","0","0","0","1","0"
"172","0","0","0","0","0","0","0","0","0","0","0","0","0","0","0","0","0","0","0","0","0","0","0","0","0","0","0","0","0","1","0","0","0","0","0","0","0","0","0","0","0","0","0","0","0","0","0","0","0"
"173","0","0","1","0","1","0","0","1","0","1","1","0","1","0","0","1","0","1","1","1","0","0","0","1","1","0","0","0","0","1","0","0","1","1","1","1","0","0","0","0","1","1","1","0","0","0","0","1","0"
"174","1","1","1","1","1","0","0","0","0","0","0","0","0","1","1","1","0","1","1","0","0","0","0","0","0","1","1","1","1","1","0","0","0","0","0","0","0","1","1","1","1","1","1","1","0","0","0","0","0"
"175","0","0","0","0","0","0","0","1","0","0","0","0","0","0","1","0","0","1","0","0","0","0","0","0","1","0","0","0","0","1","0","0","0","0","0","0","0","0","0","0","0","0","0","0","0","0","0","1","0"
"176","0","0","1","0","0","0","0","1","0","1","0","0","0","0","0","1","0","1","1","0","0","0","0","1","1","0","0","0","0","1","0","0","0","0","0","0","0","1","0","0","0","1","0","0","1","0","0","1","0"
"177","0","0","1","0","1","0","0","0","0","0","1","0","1","0","0","0","0","1","1","1","0","0","0","1","1","0","0","1","1","1","0","0","1","1","1","1","0","0","0","0","0","1","1","1","0","0","0","1","1"
"178","0","0","0","0","1","0","0","1","0","1","1","0","1","0","0","0","0","1","1","1","0","0","1","1","1","0","0","0","0","1","0","0","0","1","1","0","0","0","0","0","1","1","1","1","0","0","0","1","1"
"179","0","0","0","0","0","0","0","1","0","0","0","0","0","0","0","1","0","1","0","0","0","0","0","0","1","0","0","0","0","1","0","0","0","0","0","0","0","0","0","0","0","0","0","0","0","0","0","1","0"
"180","0","0","1","0","0","0","0","0","0","1","0","0","0","0","0","0","0","1","0","0","0","0","0","1","1","0","0","0","0","1","0","0","0","1","0","0","0","0","0","1","0","1","1","0","0","0","0","1","0"
"181","0","0","0","0","0","0","0","1","0","0","0","0","0","0","0","1","0","1","0","0","0","0","0","0","1","0","0","0","0","1","0","0","0","0","0","0","0","0","0","0","0","0","0","0","0","0","0","1","0"
"182","0","0","0","0","0","0","0","1","0","0","0","0","0","0","0","0","0","0","0","0","0","0","0","0","0","0","0","0","0","0","0","0","0","0","0","0","0","0","0","0","0","0","0","0","0","0","0","0","0"
"183","0","0","1","0","0","0","0","1","0","1","1","0","0","0","0","0","0","1","1","1","0","0","0","1","1","0","0","0","0","1","0","0","0","1","1","0","0","0","0","0","0","0","1","0","0","0","0","1","1"
"184","0","0","0","0","0","0","0","0","0","0","0","0","0","0","0","0","0","1","0","0","0","0","0","0","1","0","0","0","0","1","0","0","0","0","0","0","0","0","0","0","0","0","0","0","0","0","0","1","0"
"185","0","0","0","0","0","0","0","0","0","0","0","0","0","0","0","0","0","0","0","0","0","0","0","0","1","0","0","0","0","1","0","0","0","0","0","0","0","0","0","0","0","0","0","0","0","0","0","0","0"
"186","0","0","1","0","0","0","0","1","0","0","0","0","0","0","0","0","0","1","0","0","0","0","0","1","1","0","0","0","0","1","0","0","0","0","0","0","0","0","0","0","0","0","1","0","0","0","0","1","0"
"187","0","0","0","0","0","0","0","1","0","0","0","0","0","0","0","1","0","1","0","0","0","0","0","0","1","0","0","0","0","1","0","0","0","0","0","0","0","0","0","0","0","0","0","0","0","0","0","1","0"
"188","0","0","0","0","0","0","0","1","0","0","0","0","0","0","0","0","0","0","0","0","0","0","0","0","1","0","0","0","0","1","0","0","0","0","0","0","0","0","0","0","0","0","0","0","0","0","0","0","0"
"189","0","0","0","0","0","0","0","0","0","0","0","0","0","0","0","0","1","0","0","0","0","0","0","0","0","0","0","0","0","0","0","0","0","0","0","0","0","0","0","0","0","0","0","0","0","0","0","0","0"
"190","0","0","0","0","0","0","0","0","0","0","0","0","0","0","0","0","0","0","0","0","0","0","0","0","0","0","0","0","0","0","0","0","0","0","0","0","0","0","0","0","0","0","0","0","0","0","0","0","0"
"191","0","0","0","0","0","1","1","1","1","1","1","0","1","0","0","1","0","1","0","0","1","1","1","1","1","0","0","0","0","1","1","1","1","1","1","1","0","0","0","0","0","1","0","0","0","1","1","1","1"
"192","0","0","0","0","0","0","0","0","0","0","0","0","1","0","0","0","0","0","0","0","0","0","0","1","1","0","0","0","0","1","0","0","0","1","0","0","0","0","0","0","0","1","1","0","0","0","0","1","0"
"193","0","0","0","0","0","0","0","1","0","0","0","0","0","0","0","1","0","1","0","0","0","0","0","1","1","0","0","0","0","1","0","0","0","1","1","0","0","0","0","0","0","1","1","0","0","0","0","1","0"
"194","0","0","0","0","0","0","0","0","0","0","0","0","0","0","0","0","0","0","0","0","0","0","0","0","0","0","0","0","0","0","0","0","0","0","0","0","0","0","0","0","0","0","0","0","0","0","0","0","0"
"195","0","0","0","0","0","0","0","0","0","0","0","0","0","0","0","0","0","1","0","0","0","0","1","0","1","0","0","0","0","1","0","0","0","0","0","0","0","0","0","0","0","0","0","0","0","0","0","0","0"
"196","0","0","0","0","1","0","0","0","0","0","0","0","1","0","0","1","0","1","0","1","0","0","0","1","1","0","0","0","0","1","0","0","0","1","1","1","0","0","0","0","0","1","1","1","0","0","0","1","0"
"197","0","0","0","0","0","0","0","0","0","0","0","0","0","0","0","1","0","1","0","0","0","0","0","0","1","0","0","0","0","0","0","0","0","0","0","0","0","0","0","0","0","0","0","0","0","0","0","0","0"
"198","0","0","0","0","0","0","0","0","0","0","0","0","0","0","0","0","0","0","0","0","0","0","0","0","1","0","0","0","0","1","0","0","0","0","0","0","0","0","0","0","0","0","0","0","0","0","0","0","0"
"199","0","0","0","0","0","0","0","0","0","0","0","0","0","0","0","0","0","0","0","0","0","0","0","1","1","0","0","0","0","1","0","0","0","0","0","0","0","0","0","0","0","1","0","1","0","0","0","1","0"
"200","0","0","0","0","0","0","0","0","1","1","0","0","0","1","0","0","0","0","0","0","0","0","0","1","1","0","0","0","0","1","0","0","0","1","1","1","0","0","0","0","0","0","0","0","0","0","0","1","0"
"201","0","0","0","0","0","0","0","0","0","0","0","0","0","0","0","0","0","0","0","0","0","0","0","0","0","0","0","0","0","0","0","0","0","0","0","0","0","0","0","0","0","0","0","0","0","0","0","0","0"
"202","0","0","1","1","1","0","0","1","0","1","1","1","0","0","0","1","0","1","1","0","0","0","0","1","1","0","0","0","0","1","0","0","0","1","1","0","0","0","0","0","0","1","1","0","0","0","0","1","0"
"203","0","0","1","0","0","0","0","1","0","1","0","0","0","0","0","1","0","1","0","0","0","0","0","0","1","0","0","0","0","1","0","0","0","0","0","0","0","0","0","0","0","1","0","0","0","0","0","1","0"
"204","0","0","0","0","0","0","0","0","0","0","0","0","0","0","0","0","0","0","0","0","0","0","0","0","0","0","0","0","0","0","0","0","0","0","0","0","0","0","0","0","0","0","0","0","0","0","0","0","0"
"205","0","0","0","0","0","0","0","0","0","0","0","0","0","0","0","0","0","0","0","0","0","0","0","0","1","0","0","0","0","1","0","0","0","0","0","0","0","0","0","0","0","0","0","0","0","0","0","0","0"
"206","0","0","0","0","0","0","0","1","0","0","0","0","0","0","0","0","0","1","0","0","0","0","0","0","1","0","0","0","0","1","0","0","0","0","0","0","0","0","0","0","0","0","0","0","0","0","0","1","0"
"207","0","0","1","1","1","0","0","1","0","1","1","1","1","0","0","1","0","1","1","1","0","0","0","1","1","0","0","0","0","1","0","0","0","1","1","1","0","0","0","0","1","1","1","1","0","0","0","1","0"
"208","0","1","1","1","1","0","1","1","1","1","1","1","1","0","1","1","1","1","1","1","0","1","1","1","1","0","1","1","1","1","0","1","1","1","1","1","0","1","1","1","1","1","1","1","1","1","1","1","1"
"209","0","0","0","0","0","0","0","0","0","0","0","0","0","0","0","0","0","0","0","0","0","0","0","0","0","0","0","0","0","0","0","0","0","0","0","0","0","0","0","0","0","0","0","0","0","0","0","0","0"
"210","0","1","1","0","1","0","0","1","1","1","1","0","1","0","0","1","1","1","1","1","0","1","1","1","1","0","1","1","1","1","0","0","1","1","1","1","0","0","1","0","1","1","1","0","0","1","0","1","1"
"211","0","0","1","0","0","0","0","1","0","1","0","0","0","0","0","1","0","1","1","0","0","0","0","1","1","0","0","0","0","1","0","0","0","1","0","0","0","1","0","0","0","0","0","0","0","0","0","1","0"
"212","0","0","0","0","0","0","0","1","0","0","0","1","0","0","1","1","0","1","0","0","0","0","0","1","1","1","0","0","0","1","0","0","0","0","0","0","0","0","0","1","0","1","0","0","0","0","0","1","0"
"213","0","0","0","0","0","0","0","0","0","0","0","0","0","0","0","0","0","1","0","0","0","0","0","0","1","0","0","0","0","0","0","0","0","0","0","0","0","0","0","0","0","0","1","0","0","0","0","1","0"
"214","0","0","0","0","1","0","0","1","0","0","0","0","1","0","0","1","0","1","0","1","0","0","0","1","1","0","0","0","0","1","0","0","1","1","1","1","0","0","0","0","0","1","1","0","0","0","0","1","1"
"215","0","0","0","0","0","0","0","0","0","0","0","0","0","0","0","0","0","0","0","0","0","0","0","0","1","0","0","0","0","0","0","0","0","0","0","0","0","0","0","0","0","0","0","0","0","0","0","0","0"
"216","0","0","0","0","0","0","0","0","0","0","0","0","0","0","0","0","0","1","0","0","0","0","0","0","1","0","0","0","0","1","0","0","0","0","0","0","0","0","0","0","0","0","0","0","0","0","0","0","0"
"217","0","0","1","0","0","0","0","1","0","1","0","0","0","0","0","0","0","1","0","0","0","0","0","1","1","0","0","0","0","0","0","0","0","0","0","0","0","0","0","0","0","1","0","0","0","0","0","1","0"
"218","0","0","0","0","1","0","0","0","0","0","0","0","1","0","0","1","0","1","0","1","0","0","0","1","1","0","0","0","0","1","0","0","0","1","1","1","0","0","0","0","0","1","1","1","0","0","0","0","0"
"219","0","0","0","0","0","0","0","1","0","0","0","0","0","0","0","0","0","0","0","0","0","0","0","0","1","0","0","0","0","1","0","0","0","0","0","0","0","0","0","0","0","0","0","0","0","0","0","1","0"
"220","0","0","1","0","1","0","0","1","0","1","0","0","0","0","0","1","0","1","1","0","0","0","0","0","1","0","0","0","0","1","0","0","0","1","0","0","0","0","0","0","0","1","1","0","0","0","0","1","0"
"221","0","0","0","0","0","0","0","1","0","0","0","0","0","0","0","1","0","1","0","0","0","0","0","0","1","0","0","0","0","1","0","0","0","0","0","0","0","0","0","0","0","0","0","0","0","0","0","1","0"
"222","0","0","0","0","0","0","0","0","0","0","0","0","0","0","0","0","0","0","0","0","0","0","0","0","1","0","0","0","0","1","0","0","0","0","0","0","0","0","0","0","0","0","0","0","0","0","0","1","0"
"223","0","0","0","1","0","0","0","0","0","0","0","0","0","0","0","0","0","1","0","0","0","0","0","0","1","0","0","0","0","0","0","0","0","0","0","0","0","0","0","0","0","1","0","0","0","0","0","0","0"
"224","0","0","0","0","1","0","0","1","0","0","0","0","0","0","0","0","0","1","0","0","0","0","0","0","1","1","0","0","0","1","0","0","0","0","0","0","0","0","0","0","0","0","0","0","0","0","0","0","0"
"225","0","1","0","0","1","0","0","0","0","0","1","0","0","0","0","1","0","1","1","0","0","0","0","0","1","0","0","0","0","0","0","0","0","0","0","1","0","0","0","0","1","0","1","0","0","0","0","0","1"
"226","0","0","0","0","0","0","0","1","0","0","0","0","0","0","0","1","0","1","0","0","0","0","0","0","1","0","0","0","0","1","0","0","0","0","0","0","0","0","0","0","0","0","0","0","0","0","0","1","0"
"227","0","0","1","1","1","0","0","0","1","0","0","1","1","1","1","0","1","1","0","1","0","0","0","1","1","0","0","1","1","1","0","0","1","0","0","1","1","0","0","0","1","1","1","0","0","0","0","1","0"
"228","0","0","1","0","1","0","0","1","0","1","1","0","0","0","0","1","0","1","0","0","0","0","0","1","1","0","0","0","0","1","0","0","0","1","1","0","0","0","0","0","0","1","1","0","0","0","0","1","0"
"229","0","0","0","0","0","0","0","0","0","0","0","0","1","0","0","0","0","0","0","1","0","0","0","0","0","0","0","0","1","0","0","0","1","0","0","0","0","0","0","0","0","0","0","0","0","0","0","0","0"
"230","0","1","1","0","1","0","0","1","0","0","1","0","1","0","0","0","0","1","1","1","0","0","1","1","1","0","0","0","0","1","0","0","0","1","1","1","0","0","0","0","1","1","1","1","0","0","0","1","1"
"231","0","0","1","1","1","0","0","1","0","1","1","1","0","0","0","1","0","1","1","0","0","0","0","1","1","1","1","0","0","1","0","0","0","1","1","1","0","0","0","0","0","1","1","1","0","0","0","1","0"
"232","0","0","0","0","0","0","0","1","0","0","0","0","0","0","0","1","0","1","0","0","0","0","0","0","1","0","0","0","0","1","0","0","0","0","0","0","0","0","0","0","0","0","0","0","0","0","0","1","0"
"233","0","0","1","0","0","0","0","0","0","1","0","0","0","0","0","0","0","1","0","0","0","0","0","1","1","0","0","0","0","1","0","0","0","1","0","1","0","1","0","0","0","1","0","0","0","1","0","0","0"
"234","0","0","0","0","0","0","0","0","0","0","0","0","0","0","0","0","0","0","0","0","0","0","0","0","1","0","0","0","0","0","0","0","0","0","0","0","0","0","0","0","0","0","0","0","0","0","0","0","0"
"235","0","0","1","0","0","0","0","0","0","1","0","0","0","0","0","0","0","1","0","0","0","0","0","0","0","0","0","0","0","1","0","0","0","0","0","0","0","0","0","0","0","0","0","0","0","0","0","1","0"
"236","0","0","1","0","0","0","0","1","0","1","0","0","0","0","0","1","0","1","0","0","0","0","0","1","1","1","0","0","0","1","0","0","0","0","0","0","0","1","0","0","0","1","0","0","1","0","0","0","0"
"237","0","0","0","0","0","0","0","0","0","0","0","0","0","0","0","0","0","0","0","0","0","0","1","0","0","0","0","0","0","0","0","0","0","0","0","0","0","0","0","0","0","0","0","0","0","0","0","0","0"
"238","0","0","0","0","0","0","0","1","0","0","0","0","0","0","0","1","0","1","0","0","0","0","0","0","1","0","0","0","0","1","0","0","0","0","0","0","0","0","0","0","0","1","1","0","0","0","0","1","0"
"239","0","0","0","0","0","0","0","0","0","0","0","0","0","0","0","0","0","0","0","0","0","0","0","0","0","0","0","0","0","1","0","0","0","0","1","0","0","0","0","0","0","0","0","0","0","0","0","0","0"
"240","0","0","0","0","0","0","0","0","0","0","0","0","0","0","0","0","0","0","0","0","0","0","0","0","0","0","0","0","0","0","0","0","0","0","0","0","0","0","0","0","0","0","0","0","0","0","0","0","0"
"241","0","0","0","0","1","0","0","0","0","0","0","0","1","0","0","0","0","1","0","1","0","0","0","0","0","0","0","1","0","1","0","0","1","1","1","0","0","0","0","0","0","0","0","1","0","0","0","1","0"
"242","0","0","0","0","0","0","0","1","0","0","0","0","0","0","0","0","0","0","0","0","0","0","0","0","1","0","0","0","0","1","0","0","0","0","0","0","0","0","0","0","0","0","0","0","0","0","0","1","0"
"243","0","0","1","0","1","0","0","1","1","1","1","0","0","0","0","1","0","1","1","0","0","0","1","1","1","0","1","1","0","1","0","0","0","1","1","1","0","0","0","0","1","1","1","1","0","1","0","1","1"
"244","0","0","0","0","0","0","0","1","0","0","1","0","0","0","0","0","0","1","1","0","0","0","0","1","1","0","0","0","0","1","0","0","0","1","1","0","0","0","0","0","0","1","1","0","0","0","0","1","0"
"245","0","1","1","0","1","0","0","1","1","1","1","0","0","0","1","1","0","1","1","0","0","0","1","1","1","0","1","1","0","1","0","0","0","1","1","1","0","1","1","1","1","1","1","1","1","1","1","1","1"
"246","0","0","0","0","0","0","0","0","0","0","0","0","0","0","0","0","0","1","0","0","0","0","0","0","0","0","0","0","0","1","0","0","0","0","0","0","0","0","0","0","0","0","0","0","0","0","0","1","0"
"247","0","0","0","0","1","0","0","0","0","0","1","0","0","0","0","0","0","1","0","0","0","0","0","0","1","0","0","0","0","1","0","0","0","1","0","0","0","0","0","0","0","1","1","0","0","0","0","1","0"
"248","0","0","0","0","1","0","0","0","0","0","0","0","0","0","0","0","0","1","0","0","0","0","0","0","1","0","0","0","0","1","0","0","0","1","1","0","0","0","0","0","0","1","1","0","0","0","0","1","0"
"249","0","0","0","0","0","0","0","0","0","0","0","0","0","0","0","0","0","0","0","0","0","0","0","0","0","0","0","0","0","0","0","0","0","0","0","0","0","0","0","0","0","0","0","0","0","0","0","0","0"
"250","0","0","1","0","1","0","0","1","0","1","1","0","0","0","0","1","0","1","1","0","0","0","1","1","1","0","1","0","0","1","0","0","0","1","0","1","0","1","0","0","1","1","1","1","0","0","0","1","0"
"251","0","0","0","0","0","0","0","1","0","0","0","0","0","0","0","1","0","1","0","1","0","0","0","0","1","1","0","0","0","1","0","0","0","0","1","1","0","0","0","0","0","1","0","0","0","0","0","0","0"
"253","1","0","1","0","0","0","0","1","0","1","0","0","0","0","0","1","0","1","0","0","0","0","0","0","1","0","0","0","0","1","0","0","0","0","0","0","0","0","0","0","0","1","0","0","0","0","0","1","0"
"254","0","0","1","0","0","0","0","1","0","1","0","0","0","0","0","1","0","1","0","0","0","0","0","1","1","0","0","0","0","1","0","0","0","0","0","0","0","0","0","0","0","1","0","0","0","0","0","1","0"
"255","0","0","0","0","0","0","0","0","0","0","0","0","0","0","0","0","0","1","0","0","0","0","0","0","1","0","0","0","0","1","0","0","0","0","0","0","0","0","0","0","0","0","0","0","0","0","0","1","0"
"256","0","0","0","0","0","0","0","0","0","0","0","0","0","0","0","0","0","0","0","0","0","0","0","0","0","0","0","0","0","1","0","0","0","0","0","0","0","0","0","0","0","0","0","0","0","0","0","0","0"
"257","1","0","1","0","0","0","0","1","0","1","1","0","1","0","0","1","0","1","1","0","1","1","1","1","1","0","0","1","0","1","0","1","1","1","1","1","0","0","0","0","1","1","1","0","0","0","0","1","0"
"258","0","0","0","0","1","0","0","1","0","1","1","0","0","0","0","1","0","1","1","1","0","0","1","1","1","0","1","1","1","1","0","1","0","1","1","0","0","0","0","0","0","1","1","1","0","0","0","1","1"
"259","0","0","1","0","1","0","0","1","0","1","1","0","0","0","0","0","0","1","1","0","0","0","1","1","1","0","0","0","0","1","0","0","0","1","1","0","0","0","0","0","1","1","1","0","0","0","0","1","1"
"260","0","0","1","0","1","0","0","1","0","1","1","0","1","0","0","1","0","1","1","1","0","1","1","1","1","0","0","1","0","1","0","0","0","1","1","1","0","0","0","0","1","1","1","1","0","0","0","1","1"
"262","0","0","0","0","0","0","0","1","0","0","0","0","0","0","0","0","0","0","0","0","0","0","0","0","1","0","0","0","0","1","0","0","0","0","0","0","0","0","0","0","0","0","0","0","0","0","0","1","0"
"263","0","0","0","0","1","0","0","0","0","0","0","0","1","0","0","0","0","1","0","0","0","0","0","1","1","1","0","0","0","1","0","0","0","1","0","1","0","0","0","0","0","1","1","1","0","0","0","1","0"
"264","0","0","0","0","0","0","0","0","0","0","0","0","0","0","0","0","0","0","0","0","0","0","0","0","1","0","0","0","0","0","0","0","0","0","0","0","0","0","0","0","0","0","0","0","0","0","0","0","0"
"265","0","0","1","1","1","0","0","0","0","1","1","0","1","0","0","1","0","1","1","1","0","0","1","1","1","0","0","1","1","1","0","0","1","1","1","1","0","1","0","1","1","1","1","1","1","0","1","1","1"
"266","0","0","0","0","1","0","0","1","0","0","0","0","1","0","0","1","0","1","1","1","0","0","1","0","1","0","0","1","1","1","0","1","1","0","1","1","0","0","1","0","1","1","1","1","0","0","0","1","1"
"267","0","0","1","1","1","0","0","0","0","1","1","1","0","0","0","0","0","1","1","0","0","0","0","1","1","0","0","1","0","1","0","0","0","1","1","1","0","0","0","1","1","1","1","0","0","0","1","1","1"
"268","0","0","0","0","0","0","0","0","0","0","0","0","0","0","0","0","0","0","0","0","0","0","0","0","0","0","0","0","1","0","0","0","0","0","0","0","0","0","0","0","0","0","0","0","0","0","0","0","0"
"270","0","0","0","0","0","0","0","1","0","0","0","0","0","0","0","1","0","1","0","0","0","0","0","0","0","0","0","0","0","0","0","0","0","0","0","0","0","0","0","0","0","0","0","0","0","0","0","1","0"
"271","0","0","1","0","0","0","0","0","0","0","0","0","0","0","0","0","0","1","1","0","0","0","0","0","1","0","0","1","0","1","0","0","0","1","0","0","0","0","0","0","1","1","1","0","0","0","1","1","0"
"272","0","0","1","0","1","0","0","1","0","1","1","0","0","0","0","1","0","1","1","0","0","0","0","1","1","0","0","0","0","1","0","0","0","1","1","0","0","0","0","0","0","1","1","0","0","0","0","1","0"
